{
  "shapes": [
    {
      "name": "1x2",
      "depth": -1,
      "reverse": 0,
      "reticle": 12,
      "stride": 0,
      "elevation": 0,
      "mask": [
        "OOOOO",
        "OOOOO",
        "OOXOO",
        "OOXOO",
        "OOOOO"
      ]
    },
    {
      "name": "3x3",
      "depth": -1,
      "reverse": 0,
      "reticle": 12,
      "stride": 0,
      "elevation": 0,
      "mask": [
        "OOOOO",
        "OXXXO",
        "OXXXO",
        "OXXXO",
        "OOOOO"
      ]
    },
    {
      "name": "5x5",
      "depth": -1,
      "reverse": 0,
      "reticle": 7,
      "stride": 0,
      "elevation": 0,
      "mask": [
        "XXXXX",
        "XXXXX",
        "XXXXX",
        "XXXXX",
        "XXXXX"
      ]
    },
    {
      "name": "Stairs Up",
      "depth": -1,
      "reverse": 0,
      "reticle": 12,
      "stride": 1,
      "elevation": 1,
      "mask": [
        "OOOOO",
        "OOXOO",
        "OOXOO",
        "OOXOO",
        "OOOOO"
      ]
    },
    {
      "name": "Stairs Down",
      "depth": -1,
      "reverse": 0,
      "reticle": 17,
      "stride": 1,
      "elevation": -1,
      "mask": [
        "OOXOO",
        "OOXOO",
        "OOXOO",
        "OOXOO",
        "OOOOO"
      ]
    },
    {
      "name": "1",
      "depth": -1,
      "reverse": 0,
      "reticle": 12,
      "stride": 0,
      "elevation": 0,
      "mask": [
        "OOOOO",
        "OOOOO",
        "OOXOO",
        "OOOOO",
        "OOOOO"
      ]
    }
  ]
}