{
    "type": "minecraft:crafting_shaped",
    "pattern": [
        "CIC",
        "PFP",
        "CRC"
    ],
    "key": {
        "C": {
            "item": "biggerreactors:reactor_casing"
        },
        "I": {
            "item": "minecraft:iron_ingot"
        },
        "F": {
            "item": "biggerreactors:reactor_fuel_rod"
        },
        "P": {
            "item": "create:mechanical_piston"
        },
        "R": {
            "item": "create:redstone_contact"
        }
    },
    "result": {
        "item": "biggerreactors:cyanite_reprocessor"
    }
}