{
  "type": "minecraft:crafting_shaped",
  "conditions": [
    {
      "modid": "computercraft",
      "type": "forge:mod_loaded"
    }
  ],
  "pattern": [
    "CDC",
    "GRG",
    "CDC"
  ],
  "key": {
    "C": {
      "item": "biggerreactors:heat_exchanger_casing"
    },
    "R": {
      "item": "biggerreactors:reactor_redstone_port"
    },
    "D": {
      "item": "create:redstone_contact"
    },
    "G": {
      "item": "computercraft:computer_normal"
    }
  },
  "result": {
    "item": "biggerreactors:heat_exchanger_computer_port"
  }
}