{
  "creategears:recipes/creategears/simple_gearshift_vertical": {
    "criteria": {
      "has_cogwheel": "2022-06-15 14:35:36 +0200"
    },
    "done": true
  },
  "minecraft:recipes/building_blocks/black_stained_glass": {
    "criteria": {
      "has_glass": "2022-06-15 20:23:03 +0200"
    },
    "done": true
  },
  "create:recipes/create.base/crafting/kinetics/clutch": {
    "criteria": {
      "has_item": "2022-06-24 23:13:30 +0200"
    },
    "done": true
  },
  "connectedglass:recipes/connectedglass/clear_glass_orange1": {
    "criteria": {
      "glass": "2022-06-16 03:27:57 +0200"
    },
    "done": true
  },
  "creategearaddon:recipes/fir_cogwheel": {
    "criteria": {
      "has_item": "2022-06-24 23:13:30 +0200"
    },
    "done": true
  },
  "create:recipes/create.base/crafting/kinetics/mechanical_bearing": {
    "criteria": {
      "has_item": "2022-06-24 10:28:15 +0200"
    },
    "done": true
  },
  "minecraft:recipes/combat/iron_sword": {
    "criteria": {
      "has_iron_ingot": "2022-06-15 19:53:35 +0200"
    },
    "done": true
  },
  "rftoolsutility:recipes/rftoolsutility/fluid_module": {
    "criteria": {
      "ingot": "2022-06-15 19:53:35 +0200"
    },
    "done": true
  },
  "connectedglass:recipes/connectedglass/borderless_glass_brown2": {
    "criteria": {
      "glass": "2022-06-16 03:28:26 +0200"
    },
    "done": true
  },
  "minecraft:recipes/building_blocks/stone_bricks": {
    "criteria": {
      "has_stone": "2022-06-15 14:03:20 +0200"
    },
    "done": true
  },
  "create:recipes/create.base/crafting/appliances/copper_backtank": {
    "criteria": {
      "has_item": "2022-06-15 19:52:34 +0200"
    },
    "done": true
  },
  "create:recipes/create.base/crafting/logistics/powered_latch": {
    "criteria": {
      "has_item": "2022-06-24 00:37:56 +0200"
    },
    "done": true
  },
  "creategearaddon:recipes/large_half_shaft_birch_cogwheel": {
    "criteria": {
      "has_large_cogwheels": "2022-06-24 10:19:46 +0200"
    },
    "done": true
  },
  "create:recipes/create.base/crafting/kinetics/gearshift": {
    "criteria": {
      "has_item": "2022-06-24 23:13:30 +0200"
    },
    "done": true
  },
  "creategearaddon:recipes/large_acacia_cogwheel": {
    "criteria": {
      "has_item": "2022-06-24 23:13:30 +0200"
    },
    "done": true
  },
  "minecraft:recipes/building_blocks/chiseled_stone_bricks": {
    "criteria": {
      "has_stone_bricks": "2022-06-24 12:32:47 +0200"
    },
    "done": true
  },
  "createdeco:recipes/createdeco.metals/copper_door": {
    "criteria": {
      "has_item": "2022-06-15 19:52:34 +0200"
    },
    "done": true
  },
  "minecraft:recipes/tools/iron_pickaxe": {
    "criteria": {
      "has_iron_ingot": "2022-06-15 19:53:35 +0200"
    },
    "done": true
  },
  "minecraft:recipes/building_blocks/gray_stained_glass": {
    "criteria": {
      "has_glass": "2022-06-15 20:23:03 +0200"
    },
    "done": true
  },
  "create:recipes/building_blocks/smelting/lead_ingot_compat_eidolon": {
    "criteria": {
      "has_item": "2022-06-21 14:37:43 +0200"
    },
    "done": true
  },
  "creategearaddon:recipes/dark_oak_cogwheel": {
    "criteria": {
      "has_item": "2022-06-24 23:13:30 +0200"
    },
    "done": true
  },
  "creategears:recipes/creategears/fully_encased_chain_drive_horizontal": {
    "criteria": {
      "has_shaft": "2022-06-15 16:45:14 +0200"
    },
    "done": true
  },
  "create:recipes/building_blocks/blasting/ingot_lead_compat_mekanism": {
    "criteria": {
      "has_item": "2022-06-21 14:37:43 +0200"
    },
    "done": true
  },
  "alloyed:recipes/main_group/crafting/steel_door": {
    "criteria": {
      "has_ingredient": "2022-06-15 16:42:37 +0200"
    },
    "done": true
  },
  "minecraft:recipes/building_blocks/purple_stained_glass": {
    "criteria": {
      "has_glass": "2022-06-15 20:23:03 +0200"
    },
    "done": true
  },
  "create:recipes/create.base/crafting/kinetics/nozzle": {
    "criteria": {
      "has_item": "2022-06-24 10:27:13 +0200"
    },
    "done": true
  },
  "computercraft:recipes/computercraft/pocket_computer_advanced": {
    "criteria": {
      "has_computer": "2022-06-30 14:24:59 +0200"
    },
    "done": true
  },
  "minecraft:recipes/decorations/blast_furnace": {
    "criteria": {
      "has_smooth_stone": "2022-06-24 12:33:16 +0200"
    },
    "done": true
  },
  "tconstruct:recipes/tconstruct/smeltery/smeltery/scorched/duct": {
    "criteria": {
      "has_item": "2022-06-27 08:52:17 +0200"
    },
    "done": true
  },
  "minecraft:recipes/decorations/chest": {
    "criteria": {
      "has_lots_of_items": "2022-06-15 15:17:18 +0200"
    },
    "done": true
  },
  "minecraft:recipes/building_blocks/chiseled_stone_bricks_stone_from_stonecutting": {
    "criteria": {
      "has_stone": "2022-06-15 14:03:20 +0200"
    },
    "done": true
  },
  "tconstruct:recipes/tconstruct/general/tables/tinkers_anvil": {
    "criteria": {
      "has_item": "2022-06-18 23:29:42 +0200"
    },
    "done": true
  },
  "create:recipes/building_blocks/blasting/tin_ingot_compat_silents_mechanisms": {
    "criteria": {
      "has_item": "2022-06-21 14:38:53 +0200"
    },
    "done": true
  },
  "trashcans:recipes/search/energy_trash_can": {
    "criteria": {
      "redstone": "2022-06-24 00:37:56 +0200"
    },
    "done": true
  },
  "creategearaddon:recipes/hellbark_cogwheel": {
    "criteria": {
      "has_item": "2022-06-24 23:13:30 +0200"
    },
    "done": true
  },
  "refinedstorage:wireless_items": {
    "criteria": {
      "wireless_grid_in_inventory": "2022-06-28 13:54:41 +0200"
    },
    "done": true
  },
  "minecraft:recipes/tools/shears": {
    "criteria": {
      "has_iron_ingot": "2022-06-15 19:53:35 +0200"
    },
    "done": true
  },
  "minecraft:recipes/building_blocks/stone_brick_slab_from_stone_stonecutting": {
    "criteria": {
      "has_stone": "2022-06-15 14:03:20 +0200"
    },
    "done": true
  },
  "creategears:recipes/creategears/large_gear": {
    "criteria": {
      "has_large_cogwheels": "2022-06-24 10:19:46 +0200"
    },
    "done": true
  },
  "computercraft:recipes/computercraft/disk_drive": {
    "criteria": {
      "has_computer": "2022-06-30 14:24:59 +0200"
    },
    "done": true
  },
  "create:recipes/create.base/crafting/kinetics/sticky_mechanical_piston": {
    "criteria": {
      "has_item": "2022-06-24 23:13:30 +0200"
    },
    "done": true
  },
  "boss_tools:workbench_advancement": {
    "criteria": {
      "workbench_advancement": "2022-06-30 11:48:31 +0200"
    },
    "done": true
  },
  "create:recipes/misc/blasting/gold_ingot_from_crushed": {
    "criteria": {
      "has_item": "2022-06-21 14:39:36 +0200"
    },
    "done": true
  },
  "creategearaddon:recipes/half_shaft_magic_cogwheel": {
    "criteria": {
      "has_cogwheels": "2022-06-15 14:35:36 +0200"
    },
    "done": true
  },
  "minecraft:recipes/combat/iron_leggings": {
    "criteria": {
      "has_iron_ingot": "2022-06-15 19:53:35 +0200"
    },
    "done": true
  },
  "create:recipes/create.palettes/ornate_iron_window": {
    "criteria": {
      "has_ingredient": "2022-06-24 23:13:30 +0200"
    },
    "done": true
  },
  "minecraft:recipes/combat/shield": {
    "criteria": {
      "has_iron_ingot": "2022-06-15 19:53:35 +0200"
    },
    "done": true
  },
  "create:recipes/create.base/crafting/kinetics/metal_bracket": {
    "criteria": {
      "has_item": "2022-06-24 23:13:30 +0200"
    },
    "done": true
  },
  "rftoolsutility:recipes/rftoolsutility/redstone_module": {
    "criteria": {
      "ingot": "2022-06-15 19:53:35 +0200"
    },
    "done": true
  },
  "rftoolsbuilder:recipes/rftoolsbuilder/space_chamber_card": {
    "criteria": {
      "glass": "2022-06-15 20:23:03 +0200"
    },
    "done": true
  },
  "minecraft:recipes/redstone/hopper": {
    "criteria": {
      "has_iron_ingot": "2022-06-15 19:53:35 +0200"
    },
    "done": true
  },
  "tconstruct:recipes/tconstruct/general/tables/scorched_anvil": {
    "criteria": {
      "has_item": "2022-06-18 23:29:42 +0200"
    },
    "done": true
  },
  "create:recipes/create.base/crafting/logistics/content_observer": {
    "criteria": {
      "has_item": "2022-06-15 16:45:11 +0200"
    },
    "done": true
  },
  "creategearaddon:recipes/half_shaft_redwood_cogwheel": {
    "criteria": {
      "has_cogwheels": "2022-06-15 14:35:36 +0200"
    },
    "done": true
  },
  "create:recipes/building_blocks/blasting/ingot_uranium_compat_mekanism": {
    "criteria": {
      "has_item": "2022-06-21 14:40:35 +0200"
    },
    "done": true
  },
  "botanypots:husbandry/botany_pot": {
    "criteria": {
      "get_botany_pot": "2022-06-21 13:43:23 +0200"
    },
    "done": true
  },
  "connectedglass:recipes/connectedglass/borderless_glass1": {
    "criteria": {
      "glass": "2022-06-15 20:23:03 +0200"
    },
    "done": true
  },
  "create:recipes/create.base/crafting/materials/refined_radiance_casing": {
    "criteria": {
      "has_item": "2022-06-28 13:15:16 +0200"
    },
    "done": true
  },
  "create:recipes/create.base/crafting/kinetics/basin": {
    "criteria": {
      "has_item": "2022-06-24 23:13:30 +0200"
    },
    "done": true
  },
  "creategearaddon:recipes/half_shaft_fir_cogwheel": {
    "criteria": {
      "has_cogwheels": "2022-06-15 14:35:36 +0200"
    },
    "done": true
  },
  "create:wrench": {
    "criteria": {
      "0": "2022-06-15 16:43:05 +0200"
    },
    "done": true
  },
  "create:recipes/create.base/crafting/kinetics/mechanical_mixer": {
    "criteria": {
      "has_item": "2022-06-24 23:13:30 +0200"
    },
    "done": true
  },
  "tconstruct:recipes/tconstruct/general/common/materials/copper_ingot_from_nuggets": {
    "criteria": {
      "has_item": "2022-06-27 08:51:08 +0200"
    },
    "done": true
  },
  "create:recipes/building_blocks/blasting/lead_ingot_compat_silents_mechanisms": {
    "criteria": {
      "has_item": "2022-06-21 14:37:43 +0200"
    },
    "done": true
  },
  "rftoolsutility:recipes/rftoolsutility/fluidplus_module": {
    "criteria": {
      "ingot": "2022-06-15 19:53:35 +0200"
    },
    "done": true
  },
  "minecraft:recipes/building_blocks/yellow_stained_glass": {
    "criteria": {
      "has_glass": "2022-06-15 20:23:03 +0200"
    },
    "done": true
  },
  "rftoolsutility:recipes/rftoolsutility/clock_module": {
    "criteria": {
      "ingot": "2022-06-15 19:53:35 +0200"
    },
    "done": true
  },
  "minecraft:recipes/building_blocks/stone_stairs_from_stone_stonecutting": {
    "criteria": {
      "has_stone": "2022-06-15 14:03:20 +0200"
    },
    "done": true
  },
  "create:recipes/building_blocks/blasting/ingot_aluminum_compat_immersiveengineering": {
    "criteria": {
      "has_item": "2022-06-21 14:40:17 +0200"
    },
    "done": true
  },
  "minecraft:recipes/decorations/magenta_bed_from_white_bed": {
    "criteria": {
      "has_bed": "2022-06-28 13:22:46 +0200"
    },
    "done": true
  },
  "minecraft:recipes/decorations/iron_bars": {
    "criteria": {
      "has_iron_ingot": "2022-06-15 19:53:35 +0200"
    },
    "done": true
  },
  "creategearaddon:recipes/large_crimson_cogwheel": {
    "criteria": {
      "has_item": "2022-06-24 23:13:30 +0200"
    },
    "done": true
  },
  "creategearaddon:recipes/mahogany_cogwheel": {
    "criteria": {
      "has_item": "2022-06-24 23:13:30 +0200"
    },
    "done": true
  },
  "createdeco:recipes/createdeco.metals/andesite_mesh_fence": {
    "criteria": {
      "has_item": "2022-06-24 23:13:30 +0200"
    },
    "done": true
  },
  "create:recipes/create.base/crafting/kinetics/gantry_shaft": {
    "criteria": {
      "has_item": "2022-06-24 23:13:30 +0200"
    },
    "done": true
  },
  "storagedrawers:recipes/storagedrawers/oak_drawers": {
    "criteria": {
      "has_chest": "2022-06-16 03:51:43 +0200"
    },
    "done": true
  },
  "create:recipes/building_blocks/blasting/ingot_uranium_compat_immersiveengineering": {
    "criteria": {
      "has_item": "2022-06-21 14:40:35 +0200"
    },
    "done": true
  },
  "create:recipes/create.base/crafting/logistics/pulse_repeater": {
    "criteria": {
      "has_item": "2022-06-24 00:37:56 +0200"
    },
    "done": true
  },
  "minecraft:recipes/brewing/cauldron": {
    "criteria": {
      "has_water_bucket": "2022-06-15 14:36:03 +0200"
    },
    "done": true
  },
  "connectedglass:recipes/connectedglass/borderless_glass_orange_pane3": {
    "criteria": {
      "glass": "2022-06-16 03:27:57 +0200"
    },
    "done": true
  },
  "minecraft:recipes/combat/diamond_leggings": {
    "criteria": {
      "has_diamond": "2022-06-21 14:39:14 +0200"
    },
    "done": true
  },
  "minecraft:recipes/building_blocks/red_stained_glass": {
    "criteria": {
      "has_glass": "2022-06-15 20:23:03 +0200"
    },
    "done": true
  },
  "alloyed:recipes/main_group/smithing/steel_hoe": {
    "criteria": {
      "has_ingredient": "2022-06-15 16:42:37 +0200"
    },
    "done": true
  },
  "rftoolsbuilder:recipes/rftoolsbuilder/red_shield_template_block": {
    "criteria": {
      "glass": "2022-06-15 20:23:03 +0200"
    },
    "done": true
  },
  "create:recipes/misc/smelting/gold_ingot_from_crushed": {
    "criteria": {
      "has_item": "2022-06-21 14:39:36 +0200"
    },
    "done": true
  },
  "minecraft:recipes/transportation/acacia_boat": {
    "criteria": {
      "in_water": "2022-06-15 14:36:10 +0200"
    },
    "done": true
  },
  "minecraft:recipes/redstone/iron_trapdoor": {
    "criteria": {
      "has_iron_ingot": "2022-06-15 19:53:35 +0200"
    },
    "done": true
  },
  "create:recipes/create.base/crafting/materials/copper_block_from_compacting": {
    "criteria": {
      "has_item": "2022-06-15 19:52:34 +0200"
    },
    "done": true
  },
  "tconstruct:recipes/tconstruct/tools/armor/building/plate_boots": {
    "criteria": {
      "has_item": "2022-06-27 08:52:17 +0200"
    },
    "done": true
  },
  "creategearaddon:recipes/willow_cogwheel": {
    "criteria": {
      "has_item": "2022-06-24 23:13:30 +0200"
    },
    "done": true
  },
  "storagedrawers:recipes/storagedrawers/dark_oak_drawers": {
    "criteria": {
      "has_chest": "2022-06-16 03:51:43 +0200"
    },
    "done": true
  },
  "rftoolsutility:recipes/rftoolsutility/text_module": {
    "criteria": {
      "ingot": "2022-06-15 19:53:35 +0200"
    },
    "done": true
  },
  "create:recipes/create.base/crafting/materials/andesite_casing": {
    "criteria": {
      "has_item": "2022-06-24 23:13:30 +0200"
    },
    "done": true
  },
  "create:recipes/building_blocks/smelting/tin_ingot_compat_thermal": {
    "criteria": {
      "has_item": "2022-06-21 14:38:53 +0200"
    },
    "done": true
  },
  "minecraft:recipes/decorations/gray_bed_from_white_bed": {
    "criteria": {
      "has_bed": "2022-06-28 13:22:46 +0200"
    },
    "done": true
  },
  "minecraft:recipes/building_blocks/stone_brick_stairs_from_stone_stonecutting": {
    "criteria": {
      "has_stone": "2022-06-15 14:03:20 +0200"
    },
    "done": true
  },
  "computercraft:recipes/computercraft/wired_modem": {
    "criteria": {
      "has_computer": "2022-06-30 14:24:59 +0200"
    },
    "done": true
  },
  "connectedglass:recipes/connectedglass/tinted_glass": {
    "criteria": {
      "glass": "2022-06-15 20:23:03 +0200"
    },
    "done": true
  },
  "tconstruct:recipes/tconstruct/tools/armor/building/travelers_pants": {
    "criteria": {
      "has_item": "2022-06-15 19:52:34 +0200"
    },
    "done": true
  },
  "minecraft:recipes/tools/diamond_pickaxe": {
    "criteria": {
      "has_diamond": "2022-06-21 14:39:14 +0200"
    },
    "done": true
  },
  "create:fan": {
    "criteria": {
      "0": "2022-06-24 10:29:19 +0200"
    },
    "done": true
  },
  "creategearaddon:recipes/large_half_shaft_oak_cogwheel": {
    "criteria": {
      "has_large_cogwheels": "2022-06-24 10:19:46 +0200"
    },
    "done": true
  },
  "connectedglass:recipes/connectedglass/borderless_glass_light_gray2": {
    "criteria": {
      "glass": "2022-06-16 03:28:26 +0200"
    },
    "done": true
  },
  "create:recipes/create.base/crafting/kinetics/water_wheel": {
    "criteria": {
      "has_item": "2022-06-24 23:13:30 +0200"
    },
    "done": true
  },
  "minecraft:recipes/redstone/redstone_block": {
    "criteria": {
      "has_redstone": "2022-06-24 00:37:56 +0200"
    },
    "done": true
  },
  "creategearaddon:recipes/large_willow_cogwheel": {
    "criteria": {
      "has_item": "2022-06-24 23:13:30 +0200"
    },
    "done": true
  },
  "create:recipes/building_blocks/blasting/silver_ingot_compat_silents_mechanisms": {
    "criteria": {
      "has_item": "2022-06-21 14:37:30 +0200"
    },
    "done": true
  },
  "minecraft:recipes/decorations/stone_brick_wall": {
    "criteria": {
      "has_stone_bricks": "2022-06-24 12:32:47 +0200"
    },
    "done": true
  },
  "create:recipes/create.base/cogwheel": {
    "criteria": {
      "has_item": "2022-06-24 23:13:30 +0200"
    },
    "done": true
  },
  "minecraft:recipes/building_blocks/lime_stained_glass": {
    "criteria": {
      "has_glass": "2022-06-15 20:23:03 +0200"
    },
    "done": true
  },
  "minecraft:recipes/decorations/pink_bed_from_white_bed": {
    "criteria": {
      "has_bed": "2022-06-28 13:22:46 +0200"
    },
    "done": true
  },
  "create:recipes/create.base/crafting/kinetics/radial_chassis": {
    "criteria": {
      "has_item": "2022-06-24 23:13:30 +0200"
    },
    "done": true
  },
  "create:recipes/create.base/crafting/kinetics/mechanical_press": {
    "criteria": {
      "has_item": "2022-06-24 10:28:15 +0200"
    },
    "done": true
  },
  "create:recipes/create.base/crafting/kinetics/cart_assembler": {
    "criteria": {
      "has_item": "2022-06-24 23:13:30 +0200"
    },
    "done": true
  },
  "connectedglass:recipes/connectedglass/borderless_glass_white2": {
    "criteria": {
      "glass": "2022-06-16 03:28:26 +0200"
    },
    "done": true
  },
  "creategears:recipes/creategears/half_shaft_gear": {
    "criteria": {
      "has_cogwheels": "2022-06-15 14:35:36 +0200"
    },
    "done": true
  },
  "rftoolsutility:recipes/rftoolsutility/redstone_information": {
    "criteria": {
      "redstone": "2022-06-24 00:37:56 +0200"
    },
    "done": true
  },
  "minecraft:recipes/decorations/chain": {
    "criteria": {
      "has_iron_ingot": "2022-06-15 19:53:35 +0200"
    },
    "done": true
  },
  "create:recipes/create.base/crafting/kinetics/gearboxfrom_conversion": {
    "criteria": {
      "has_item": "2022-06-15 16:45:09 +0200"
    },
    "done": true
  },
  "tconstruct:tools/tool_smith": {
    "criteria": {
      "sword": "2022-06-28 13:21:00 +0200"
    },
    "done": false
  },
  "alloyed:recipes/main_group/smithing/steel_pickaxe": {
    "criteria": {
      "has_ingredient": "2022-06-15 16:42:37 +0200"
    },
    "done": true
  },
  "minecraft:recipes/building_blocks/light_blue_stained_glass": {
    "criteria": {
      "has_glass": "2022-06-15 20:23:03 +0200"
    },
    "done": true
  },
  "alloyed:recipes/main_group/smithing/steel_fishing_rod": {
    "criteria": {
      "has_ingredient": "2022-06-15 16:42:37 +0200"
    },
    "done": true
  },
  "minecraft:recipes/food/baked_potato_from_campfire_cooking": {
    "criteria": {
      "has_potato": "2022-06-21 13:45:12 +0200"
    },
    "done": true
  },
  "constructionwand:recipes/misc/core_angel": {
    "criteria": {
      "has_item": "2022-06-16 03:50:31 +0200"
    },
    "done": true
  },
  "creategearaddon:recipes/large_half_shaft_redwood_cogwheel": {
    "criteria": {
      "has_large_cogwheels": "2022-06-24 10:19:46 +0200"
    },
    "done": true
  },
  "create:recipes/create.base/crafting/kinetics/shaft": {
    "criteria": {
      "has_item": "2022-06-24 23:13:30 +0200"
    },
    "done": true
  },
  "computercraft:recipes/computercraft/monitor_advanced": {
    "criteria": {
      "has_computer": "2022-06-30 14:24:59 +0200"
    },
    "done": true
  },
  "create:recipes/create.base/crafting/kinetics/mechanical_drill": {
    "criteria": {
      "has_item": "2022-06-24 10:28:15 +0200"
    },
    "done": true
  },
  "connectedglass:recipes/connectedglass/clear_glass_orange_pane3": {
    "criteria": {
      "glass": "2022-06-16 03:27:07 +0200"
    },
    "done": true
  },
  "tconstruct:recipes/tconstruct/general/common/materials/copper_block_from_ingots": {
    "criteria": {
      "has_item": "2022-06-27 08:51:08 +0200"
    },
    "done": true
  },
  "minecraft:end/root": {
    "criteria": {
      "entered_end": "2022-06-28 13:17:40 +0200"
    },
    "done": true
  },
  "createdeco:recipes/createdeco.metals/copper_bars": {
    "criteria": {
      "has_item": "2022-06-15 19:52:34 +0200"
    },
    "done": true
  },
  "create:andesite_alloy": {
    "criteria": {
      "0": "2022-06-24 23:13:30 +0200"
    },
    "done": true
  },
  "creategearaddon:recipes/crimson_cogwheel": {
    "criteria": {
      "has_item": "2022-06-24 23:13:30 +0200"
    },
    "done": true
  },
  "minecraft:recipes/brewing/glass_bottle": {
    "criteria": {
      "has_glass": "2022-06-15 20:23:03 +0200"
    },
    "done": true
  },
  "rftoolsutility:recipes/rftoolsutility/button_module": {
    "criteria": {
      "ingot": "2022-06-15 19:53:35 +0200"
    },
    "done": true
  },
  "tconstruct:recipes/tconstruct/general/common/materials/tinkers_bronze_block_from_ingots": {
    "criteria": {
      "has_item": "2022-06-27 08:52:05 +0200"
    },
    "done": true
  },
  "creategearaddon:recipes/half_shaft_palm_cogwheel": {
    "criteria": {
      "has_cogwheels": "2022-06-15 14:35:36 +0200"
    },
    "done": true
  },
  "createdeco:recipes/createdeco.metals/andesite_catwalk": {
    "criteria": {
      "has_item": "2022-06-24 23:13:30 +0200"
    },
    "done": true
  },
  "minecraft:nether/create_beacon": {
    "criteria": {
      "beacon": "2022-06-28 13:14:09 +0200"
    },
    "done": true
  },
  "createdeco:recipes/createdeco.metals/andesite_sheet_metal_from_andesite_casing_stonecutting": {
    "criteria": {
      "has_andesite_casing": "2022-06-24 10:28:15 +0200"
    },
    "done": true
  },
  "minecraft:recipes/building_blocks/iron_block": {
    "criteria": {
      "has_iron_ingot": "2022-06-15 19:53:35 +0200"
    },
    "done": true
  },
  "create:recipes/create.base/crafting/kinetics/copper_valve_handle_from_others": {
    "criteria": {
      "has_item": "2022-06-15 19:52:34 +0200"
    },
    "done": true
  },
  "create:recipes/create.palettes/framed_glass_from_glass_colorless_stonecutting": {
    "criteria": {
      "has_glass_colorless": "2022-06-15 20:23:03 +0200"
    },
    "done": true
  },
  "create:belt_funnel": {
    "criteria": {
      "0": "2022-06-15 16:42:11 +0200"
    },
    "done": true
  },
  "creategearaddon:recipes/half_shaft_warped_cogwheel": {
    "criteria": {
      "has_cogwheels": "2022-06-15 14:35:36 +0200"
    },
    "done": true
  },
  "create:recipes/create.base/crafting/logistics/adjustable_repeater": {
    "criteria": {
      "has_item": "2022-06-24 00:37:56 +0200"
    },
    "done": true
  },
  "tconstruct:recipes/tconstruct/smeltery/smeltery/copper_can": {
    "criteria": {
      "has_item": "2022-06-15 19:52:34 +0200"
    },
    "done": true
  },
  "create:recipes/create.base/crafting/kinetics/cuckoo_clock": {
    "criteria": {
      "has_item": "2022-06-24 23:13:30 +0200"
    },
    "done": true
  },
  "minecraft:recipes/building_blocks/green_stained_glass": {
    "criteria": {
      "has_glass": "2022-06-15 20:23:03 +0200"
    },
    "done": true
  },
  "create:recipes/create.base/crafting/materials/andesite_alloy": {
    "criteria": {
      "has_item": "2022-06-15 19:53:35 +0200"
    },
    "done": true
  },
  "alloyed:recipes/main_group/smithing/steel_sword": {
    "criteria": {
      "has_ingredient": "2022-06-15 16:42:37 +0200"
    },
    "done": true
  },
  "create:recipes/create.base/crafting/kinetics/large_cogwheel": {
    "criteria": {
      "has_item": "2022-06-24 23:13:30 +0200",
      "has_the_recipe": "2022-06-24 23:13:30 +0200"
    },
    "done": true
  },
  "create:recipes/misc/blasting/iron_ingot_from_crushed": {
    "criteria": {
      "has_item": "2022-06-21 14:36:45 +0200"
    },
    "done": true
  },
  "create:recipes/create.base/smelting/copper_ingot_from_crushed": {
    "criteria": {
      "has_item": "2022-06-21 14:37:56 +0200"
    },
    "done": true
  },
  "connectedglass:recipes/connectedglass/borderless_glass_lime2": {
    "criteria": {
      "glass": "2022-06-16 03:28:26 +0200"
    },
    "done": true
  },
  "minecraft:recipes/tools/iron_axe": {
    "criteria": {
      "has_iron_ingot": "2022-06-15 19:53:35 +0200"
    },
    "done": true
  },
  "create:recipes/create.base/crafting/kinetics/millstone": {
    "criteria": {
      "has_item": "2022-06-24 23:13:30 +0200"
    },
    "done": true
  },
  "minecraft:recipes/building_blocks/glowstone": {
    "criteria": {
      "has_glowstone_dust": "2022-06-16 03:50:29 +0200"
    },
    "done": true
  },
  "createdeco:recipes/createdeco.metals/andesite_door": {
    "criteria": {
      "has_item": "2022-06-24 23:13:30 +0200"
    },
    "done": true
  },
  "tconstruct:recipes/tconstruct/general/common/materials/cobalt_block_from_ingots": {
    "criteria": {
      "has_item": "2022-06-27 08:52:17 +0200"
    },
    "done": true
  },
  "creategears:recipes/creategears/large_gear_from_cogwheel": {
    "criteria": {
      "has_cogwheel": "2022-06-24 10:19:46 +0200"
    },
    "done": true
  },
  "connectedglass:recipes/connectedglass/borderless_glass_gray2": {
    "criteria": {
      "glass": "2022-06-16 03:28:26 +0200"
    },
    "done": true
  },
  "createdeco:recipes/createdeco.metals/iron_catwalk": {
    "criteria": {
      "has_item": "2022-06-27 08:51:50 +0200"
    },
    "done": true
  },
  "minecraft:recipes/combat/iron_boots": {
    "criteria": {
      "has_iron_ingot": "2022-06-15 19:53:35 +0200"
    },
    "done": true
  },
  "storagedrawers:recipes/storagedrawers/birch_drawers": {
    "criteria": {
      "has_chest": "2022-06-16 03:51:43 +0200"
    },
    "done": true
  },
  "create:recipes/building_blocks/blasting/tin_ingot_compat_mysticalworld": {
    "criteria": {
      "has_item": "2022-06-21 14:38:53 +0200"
    },
    "done": true
  },
  "creategearaddon:recipes/half_shaft_cherry_cogwheel": {
    "criteria": {
      "has_cogwheels": "2022-06-15 14:35:36 +0200"
    },
    "done": true
  },
  "create:speed_controller": {
    "criteria": {
      "0": "2022-06-24 10:58:20 +0200"
    },
    "done": true
  },
  "create:recipes/create.base/crafting/kinetics/sail_frame": {
    "criteria": {
      "has_item": "2022-06-24 23:13:30 +0200"
    },
    "done": true
  },
  "alloyed:recipes/main_group/crafting/bronze_block": {
    "criteria": {
      "has_ingredient": "2022-06-21 14:39:25 +0200"
    },
    "done": true
  },
  "create:press": {
    "criteria": {
      "0": "2022-06-15 16:46:17 +0200"
    },
    "done": true
  },
  "creategearaddon:recipes/large_half_shaft_crimson_cogwheel": {
    "criteria": {
      "has_large_cogwheels": "2022-06-24 10:19:46 +0200"
    },
    "done": true
  },
  "create:recipes/create.base/crafting/logistics/andesite_tunnel": {
    "criteria": {
      "has_item": "2022-06-24 23:13:30 +0200"
    },
    "done": true
  },
  "rftoolsdim:recipes/rftoolsdim/empty_dimension_tab": {
    "criteria": {
      "redstone": "2022-06-24 00:37:56 +0200"
    },
    "done": true
  },
  "minecraft:recipes/redstone/stone_button": {
    "criteria": {
      "has_stone": "2022-06-15 14:03:20 +0200"
    },
    "done": true
  },
  "create:chromatic_compound": {
    "criteria": {
      "0": "2022-06-28 13:12:43 +0200"
    },
    "done": true
  },
  "computercraft:recipes/computercraft/monitor_normal": {
    "criteria": {
      "has_computer": "2022-06-30 14:24:59 +0200"
    },
    "done": true
  },
  "minecraft:recipes/combat/crossbow": {
    "criteria": {
      "has_iron_ingot": "2022-06-15 19:53:35 +0200"
    },
    "done": true
  },
  "minecraft:recipes/combat/iron_chestplate": {
    "criteria": {
      "has_iron_ingot": "2022-06-15 19:53:35 +0200"
    },
    "done": true
  },
  "create:recipes/create.base/crafting/kinetics/wrench": {
    "criteria": {
      "has_item": "2022-06-24 23:13:30 +0200"
    },
    "done": true
  },
  "create:recipes/building_blocks/blasting/lead_ingot_compat_mysticalworld": {
    "criteria": {
      "has_item": "2022-06-21 14:37:43 +0200"
    },
    "done": true
  },
  "creategearaddon:recipes/large_half_shaft_willow_cogwheel": {
    "criteria": {
      "has_large_cogwheels": "2022-06-24 10:19:46 +0200"
    },
    "done": true
  },
  "connectedglass:recipes/connectedglass/borderless_glass_green2": {
    "criteria": {
      "glass": "2022-06-16 03:28:26 +0200"
    },
    "done": true
  },
  "create:recipes/create.base/crafting/kinetics/empty_blaze_burner": {
    "criteria": {
      "has_item": "2022-06-15 19:53:35 +0200"
    },
    "done": true
  },
  "minecraft:recipes/building_blocks/ens_crying_obsidian": {
    "criteria": {
      "has_obsidian": "2022-06-24 00:37:51 +0200"
    },
    "done": true
  },
  "create:recipes/building_blocks/blasting/nickel_ingot_compat_thermal": {
    "criteria": {
      "has_item": "2022-06-21 14:37:20 +0200"
    },
    "done": true
  },
  "creategearaddon:recipes/large_half_shaft_jungle_cogwheel": {
    "criteria": {
      "has_large_cogwheels": "2022-06-24 10:19:46 +0200"
    },
    "done": true
  },
  "minecraft:recipes/decorations/light_blue_bed_from_white_bed": {
    "criteria": {
      "has_bed": "2022-06-28 13:22:46 +0200"
    },
    "done": true
  },
  "betterdungeons:root": {
    "criteria": {
      "always": "2022-06-24 00:19:07 +0200"
    },
    "done": true
  },
  "create:recipes/building_blocks/blasting/lead_ingot_compat_eidolon": {
    "criteria": {
      "has_item": "2022-06-21 14:37:43 +0200"
    },
    "done": true
  },
  "create:recipes/create.base/crafting/kinetics/chute": {
    "criteria": {
      "has_item": "2022-06-24 23:13:29 +0200"
    },
    "done": true
  },
  "create:recipes/create.base/crafting/appliances/diving_helmet": {
    "criteria": {
      "has_item": "2022-06-15 19:52:34 +0200"
    },
    "done": true
  },
  "minecraft:recipes/decorations/stonecutter": {
    "criteria": {
      "has_stone": "2022-06-15 14:03:20 +0200"
    },
    "done": true
  },
  "creategearaddon:recipes/large_jacaranda_cogwheel": {
    "criteria": {
      "has_item": "2022-06-24 23:13:30 +0200"
    },
    "done": true
  },
  "creategearaddon:recipes/redwood_cogwheel": {
    "criteria": {
      "has_item": "2022-06-24 23:13:30 +0200"
    },
    "done": true
  },
  "create:recipes/building_blocks/smelting/silver_ingot_compat_iceandfire": {
    "criteria": {
      "has_item": "2022-06-21 14:37:30 +0200"
    },
    "done": true
  },
  "creategearaddon:recipes/large_cherry_cogwheel": {
    "criteria": {
      "has_item": "2022-06-24 23:13:30 +0200"
    },
    "done": true
  },
  "minecraft:recipes/decorations/purple_bed_from_white_bed": {
    "criteria": {
      "has_bed": "2022-06-28 13:22:46 +0200"
    },
    "done": true
  },
  "simplemagnets:recipes/search/basic_magnet": {
    "criteria": {
      "iron": "2022-06-15 19:53:35 +0200"
    },
    "done": true
  },
  "creategearaddon:recipes/half_shaft_dark_oak_cogwheel": {
    "criteria": {
      "has_cogwheels": "2022-06-15 14:35:36 +0200"
    },
    "done": true
  },
  "creategears:recipes/creategears/gear_from_cogwheel": {
    "criteria": {
      "has_cogwheel": "2022-06-15 14:35:36 +0200"
    },
    "done": true
  },
  "tconstruct:recipes/tconstruct/smeltery/smeltery/seared/duct": {
    "criteria": {
      "has_item": "2022-06-27 08:52:17 +0200"
    },
    "done": true
  },
  "create:recipes/create.base/crafting/appliances/diving_boots": {
    "criteria": {
      "has_item": "2022-06-15 19:52:34 +0200"
    },
    "done": true
  },
  "creategearaddon:recipes/jacaranda_cogwheel": {
    "criteria": {
      "has_item": "2022-06-24 23:13:30 +0200"
    },
    "done": true
  },
  "minecraft:recipes/decorations/smithing_table": {
    "criteria": {
      "has_iron_ingot": "2022-06-15 19:53:35 +0200"
    },
    "done": true
  },
  "minecraft:recipes/redstone/stone_pressure_plate": {
    "criteria": {
      "has_stone": "2022-06-15 14:03:20 +0200"
    },
    "done": true
  },
  "minecraft:recipes/building_blocks/brown_stained_glass": {
    "criteria": {
      "has_glass": "2022-06-15 20:23:03 +0200"
    },
    "done": true
  },
  "rftoolsutility:recipes/rftoolsutility/energyplus_module": {
    "criteria": {
      "ingot": "2022-06-15 19:53:35 +0200"
    },
    "done": true
  },
  "rftoolsutility:recipes/rftoolsutility/energy_module": {
    "criteria": {
      "ingot": "2022-06-15 19:53:35 +0200"
    },
    "done": true
  },
  "creategearaddon:recipes/large_fir_cogwheel": {
    "criteria": {
      "has_item": "2022-06-24 23:13:30 +0200"
    },
    "done": true
  },
  "tconstruct:recipes/tconstruct/general/common/materials/tinkers_bronze_ingot_from_block": {
    "criteria": {
      "has_item": "2022-06-18 23:29:42 +0200"
    },
    "done": true
  },
  "creategearaddon:recipes/half_shaft_acacia_cogwheel": {
    "criteria": {
      "has_cogwheels": "2022-06-15 14:35:36 +0200"
    },
    "done": true
  },
  "minecraft:recipes/building_blocks/light_gray_stained_glass": {
    "criteria": {
      "has_glass": "2022-06-15 20:23:03 +0200"
    },
    "done": true
  },
  "minecraft:recipes/building_blocks/diamond_block": {
    "criteria": {
      "has_diamond": "2022-06-21 14:39:14 +0200"
    },
    "done": true
  },
  "create:recipes/create.base/crafting/kinetics/cogwheel": {
    "criteria": {
      "has_item": "2022-06-24 23:13:30 +0200",
      "has_the_recipe": "2022-06-24 23:13:30 +0200"
    },
    "done": true
  },
  "create:recipes/building_blocks/blasting/silver_ingot_compat_thermal": {
    "criteria": {
      "has_item": "2022-06-21 14:37:30 +0200"
    },
    "done": true
  },
  "constructionwand:recipes/misc/core_destruction": {
    "criteria": {
      "has_item": "2022-06-28 13:13:05 +0200"
    },
    "done": true
  },
  "creategearaddon:recipes/jungle_cogwheel": {
    "criteria": {
      "has_item": "2022-06-24 23:13:30 +0200"
    },
    "done": true
  },
  "create:recipes/create.base/crafting/curiosities/wand_of_symmetry": {
    "criteria": {
      "has_item": "2022-06-28 13:15:16 +0200"
    },
    "done": true
  },
  "tconstruct:tools/tinker_tool": {
    "criteria": {
      "crafted_tool": "2022-06-28 13:21:00 +0200"
    },
    "done": true
  },
  "alloyed:steel_ingot": {
    "criteria": {
      "has_steel_ingot": "2022-06-15 16:42:36 +0200"
    },
    "done": true
  },
  "tconstruct:recipes/tconstruct/general/common/glass/black_clear_stained_glass_pane": {
    "criteria": {
      "has_block": "2022-06-24 00:32:11 +0200"
    },
    "done": true
  },
  "create:recipes/building_blocks/blasting/ingot_silver_compat_immersiveengineering": {
    "criteria": {
      "has_item": "2022-06-21 14:37:30 +0200"
    },
    "done": true
  },
  "rftoolsbase:recipes/rftoolsbase/smartwrench": {
    "criteria": {
      "iron": "2022-06-15 19:53:35 +0200"
    },
    "done": true
  },
  "create:recipes/create.base/crafting/kinetics/smart_fluid_pipe": {
    "criteria": {
      "has_item": "2022-06-15 19:52:34 +0200"
    },
    "done": true
  },
  "create:recipes/create.base/crafting/kinetics/belt_connector": {
    "criteria": {
      "has_item": "2022-06-24 23:13:30 +0200"
    },
    "done": true
  },
  "computercraft:recipes/computercraft/wireless_modem_advanced": {
    "criteria": {
      "has_computer": "2022-06-30 14:24:59 +0200"
    },
    "done": true
  },
  "create:recipes/building_blocks/smelting/ingot_lead_compat_immersiveengineering": {
    "criteria": {
      "has_item": "2022-06-21 14:37:43 +0200"
    },
    "done": true
  },
  "minecraft:recipes/decorations/lantern": {
    "criteria": {
      "has_iron_ingot": "2022-06-15 19:53:35 +0200"
    },
    "done": true
  },
  "tconstruct:recipes/tconstruct/general/common/materials/tinkers_bronze_ingot_from_nuggets": {
    "criteria": {
      "has_item": "2022-06-21 14:39:28 +0200"
    },
    "done": true
  },
  "create:recipes/create.base/crafting/materials/copper_nugget_from_decompacting": {
    "criteria": {
      "has_item": "2022-06-15 19:52:34 +0200"
    },
    "done": true
  },
  "create:recipes/building_blocks/smelting/uranium_ingot_compat_silents_mechanisms": {
    "criteria": {
      "has_item": "2022-06-21 14:40:35 +0200"
    },
    "done": true
  },
  "tconstruct:recipes/tconstruct/tools/armor/building/travelers_boots": {
    "criteria": {
      "has_item": "2022-06-15 19:52:34 +0200"
    },
    "done": true
  },
  "connectedglass:recipes/connectedglass/borderless_glass_purple2": {
    "criteria": {
      "glass": "2022-06-16 03:28:26 +0200"
    },
    "done": true
  },
  "create:recipes/create.base/crafting/kinetics/hand_crank": {
    "criteria": {
      "has_item": "2022-06-24 23:13:30 +0200"
    },
    "done": true
  },
  "minecraft:recipes/misc/diamond": {
    "criteria": {
      "has_diamond_block": "2022-06-28 13:13:05 +0200"
    },
    "done": true
  },
  "create:recipes/create.base/crafting/kinetics/vertical_gearboxfrom_conversion": {
    "criteria": {
      "has_item": "2022-06-15 16:46:11 +0200"
    },
    "done": true
  },
  "create:recipes/create.base/crafting/curiosities/minecart_coupling": {
    "criteria": {
      "has_item": "2022-06-24 23:13:30 +0200"
    },
    "done": true
  },
  "creategearaddon:recipes/large_warped_cogwheel": {
    "criteria": {
      "has_item": "2022-06-24 23:13:30 +0200"
    },
    "done": true
  },
  "minecraft:recipes/decorations/red_bed_from_white_bed": {
    "criteria": {
      "has_bed": "2022-06-28 13:22:46 +0200"
    },
    "done": true
  },
  "creategearaddon:recipes/half_shaft_crimson_cogwheel": {
    "criteria": {
      "has_cogwheels": "2022-06-15 14:35:36 +0200"
    },
    "done": true
  },
  "create:recipes/create.base/crafting/kinetics/hose_pulley": {
    "criteria": {
      "has_item": "2022-06-15 19:52:34 +0200"
    },
    "done": true
  },
  "create:recipes/building_blocks/smelting/aluminum_ingot_compat_silents_mechanisms": {
    "criteria": {
      "has_item": "2022-06-21 14:40:17 +0200"
    },
    "done": true
  },
  "creategearaddon:recipes/large_palm_cogwheel": {
    "criteria": {
      "has_item": "2022-06-24 23:13:30 +0200"
    },
    "done": true
  },
  "connectedglass:recipes/connectedglass/borderless_glass_blue2": {
    "criteria": {
      "glass": "2022-06-16 03:28:26 +0200"
    },
    "done": true
  },
  "createdeco:recipes/createdeco.metals/zinc_catwalk": {
    "criteria": {
      "has_item": "2022-06-27 08:52:12 +0200"
    },
    "done": true
  },
  "tconstruct:recipes/tconstruct/tools/armor/building/plate_chestplate": {
    "criteria": {
      "has_item": "2022-06-27 08:52:17 +0200"
    },
    "done": true
  },
  "creategearaddon:recipes/cherry_cogwheel": {
    "criteria": {
      "has_item": "2022-06-24 23:13:30 +0200"
    },
    "done": true
  },
  "creategearaddon:recipes/large_hellbark_cogwheel": {
    "criteria": {
      "has_item": "2022-06-24 23:13:30 +0200"
    },
    "done": true
  },
  "rftoolsstorage:recipes/rftoolsstorage/storage_control_module": {
    "criteria": {
      "ingot": "2022-06-15 19:53:35 +0200"
    },
    "done": true
  },
  "rftoolscontrol:recipes/rftoolscontrol/card_base": {
    "criteria": {
      "redstone": "2022-06-24 00:37:56 +0200"
    },
    "done": true
  },
  "creategearaddon:recipes/large_half_shaft_magic_cogwheel": {
    "criteria": {
      "has_large_cogwheels": "2022-06-24 10:19:46 +0200"
    },
    "done": true
  },
  "create:recipes/create.palettes/horizontal_framed_glass_from_glass_colorless_stonecutting": {
    "criteria": {
      "has_glass_colorless": "2022-06-15 20:23:03 +0200"
    },
    "done": true
  },
  "connectedglass:recipes/connectedglass/borderless_glass_light_blue2": {
    "criteria": {
      "glass": "2022-06-16 03:28:26 +0200"
    },
    "done": true
  },
  "exnihilosequentia:recipes/exnihilosequentia/ens_barrel_stone": {
    "criteria": {
      "has_walls": "2022-06-15 14:03:20 +0200"
    },
    "done": true
  },
  "rftoolsutility:recipes/rftoolsutility/screen_link": {
    "criteria": {
      "redstone": "2022-06-24 00:37:56 +0200"
    },
    "done": true
  },
  "create:recipes/create.base/crafting/kinetics/gantry_carriage": {
    "criteria": {
      "has_item": "2022-06-24 10:28:15 +0200"
    },
    "done": true
  },
  "creategearaddon:recipes/large_dark_oak_cogwheel": {
    "criteria": {
      "has_item": "2022-06-24 23:13:30 +0200"
    },
    "done": true
  },
  "minecraft:recipes/building_blocks/stone_brick_slab_from_stone_bricks_stonecutting": {
    "criteria": {
      "has_stone_bricks": "2022-06-24 12:32:47 +0200"
    },
    "done": true
  },
  "constructionwand:recipes/tools/iron_wand": {
    "criteria": {
      "has_item": "2022-06-15 19:53:35 +0200"
    },
    "done": true
  },
  "creategearaddon:recipes/half_shaft_jungle_cogwheel": {
    "criteria": {
      "has_cogwheels": "2022-06-15 14:35:36 +0200"
    },
    "done": true
  },
  "create:recipes/create.base/crafting/kinetics/mechanical_piston": {
    "criteria": {
      "has_item": "2022-06-24 10:28:15 +0200"
    },
    "done": true
  },
  "minecraft:recipes/building_blocks/smooth_stone": {
    "criteria": {
      "has_stone": "2022-06-15 14:03:20 +0200"
    },
    "done": true
  },
  "storagedrawers:recipes/storagedrawers/jungle_drawers": {
    "criteria": {
      "has_chest": "2022-06-16 03:51:43 +0200"
    },
    "done": true
  },
  "minecraft:recipes/misc/iron_nugget": {
    "criteria": {
      "has_iron_ingot": "2022-06-15 19:53:35 +0200"
    },
    "done": true
  },
  "createdeco:recipes/createdeco.metals/iron_mesh_fence": {
    "criteria": {
      "has_item": "2022-06-27 08:51:50 +0200"
    },
    "done": true
  },
  "creategearaddon:recipes/large_half_shaft_mahogany_cogwheel": {
    "criteria": {
      "has_large_cogwheels": "2022-06-24 10:19:46 +0200"
    },
    "done": true
  },
  "minecraft:recipes/building_blocks/stone_slab_from_stone_stonecutting": {
    "criteria": {
      "has_stone": "2022-06-15 14:03:20 +0200"
    },
    "done": true
  },
  "create:recipes/create.base/crafting/kinetics/fluid_valve": {
    "criteria": {
      "has_item": "2022-06-15 19:52:34 +0200"
    },
    "done": true
  },
  "minecraft:recipes/decorations/black_bed_from_white_bed": {
    "criteria": {
      "has_bed": "2022-06-28 13:22:46 +0200"
    },
    "done": true
  },
  "minecraft:recipes/building_blocks/end_stone_brick_slab_from_end_stone_stonecutting": {
    "criteria": {
      "has_end_stone": "2022-06-28 13:23:12 +0200"
    },
    "done": true
  },
  "rftoolsdim:recipes/rftoolsdim/phased_field_generator": {
    "criteria": {
      "redstone": "2022-06-24 00:37:56 +0200"
    },
    "done": true
  },
  "rftoolsstorage:recipes/rftoolsstorage/dump_module": {
    "criteria": {
      "ingot": "2022-06-15 19:53:35 +0200"
    },
    "done": true
  },
  "creategearaddon:recipes/half_shaft_birch_cogwheel": {
    "criteria": {
      "has_cogwheels": "2022-06-15 14:35:36 +0200"
    },
    "done": true
  },
  "storagedrawers:recipes/storagedrawers/crimson_drawers": {
    "criteria": {
      "has_chest": "2022-06-16 03:51:43 +0200"
    },
    "done": true
  },
  "minecraft:recipes/combat/diamond_sword": {
    "criteria": {
      "has_diamond": "2022-06-21 14:39:14 +0200"
    },
    "done": true
  },
  "create:recipes/create.base/crafting/kinetics/weighted_ejector": {
    "criteria": {
      "has_item": "2022-06-24 10:28:15 +0200"
    },
    "done": true
  },
  "minecraft:recipes/building_blocks/blue_stained_glass": {
    "criteria": {
      "has_glass": "2022-06-15 20:23:03 +0200"
    },
    "done": true
  },
  "tconstruct:recipes/tconstruct/general/tables/scorched_forge": {
    "criteria": {
      "has_item": "2022-06-18 23:29:42 +0200"
    },
    "done": true
  },
  "create:recipes/create.base/crafting/kinetics/analog_lever": {
    "criteria": {
      "has_item": "2022-06-24 23:13:30 +0200"
    },
    "done": true
  },
  "alloyed:recipes/main_group/crafting/steel_block": {
    "criteria": {
      "has_ingredient": "2022-06-15 16:42:37 +0200"
    },
    "done": true
  },
  "creategearaddon:recipes/half_shaft_umbran_cogwheel": {
    "criteria": {
      "has_cogwheels": "2022-06-15 14:35:36 +0200"
    },
    "done": true
  },
  "minecraft:recipes/transportation/spruce_boat": {
    "criteria": {
      "in_water": "2022-06-15 14:36:10 +0200"
    },
    "done": true
  },
  "minecraft:recipes/decorations/jukebox": {
    "criteria": {
      "has_diamond": "2022-06-21 14:39:14 +0200"
    },
    "done": true
  },
  "minecraft:recipes/building_blocks/cracked_stone_bricks": {
    "criteria": {
      "has_stone_bricks": "2022-06-24 12:32:47 +0200"
    },
    "done": true
  },
  "minecraft:recipes/tools/flint_and_steel": {
    "criteria": {
      "has_obsidian": "2022-06-24 00:37:51 +0200"
    },
    "done": true
  },
  "create:recipes/create.base/crafting/kinetics/mechanical_plough": {
    "criteria": {
      "has_item": "2022-06-24 10:28:15 +0200"
    },
    "done": true
  },
  "storagedrawers:recipes/storagedrawers/warped_drawers": {
    "criteria": {
      "has_chest": "2022-06-16 03:51:43 +0200"
    },
    "done": true
  },
  "connectedglass:recipes/connectedglass/borderless_glass_cyan2": {
    "criteria": {
      "glass": "2022-06-16 03:28:26 +0200"
    },
    "done": true
  },
  "create:recipes/building_blocks/smelting/ingot_nickel_compat_immersiveengineering": {
    "criteria": {
      "has_item": "2022-06-21 14:37:20 +0200"
    },
    "done": true
  },
  "createdeco:recipes/createdeco.metals/andesite_bars": {
    "criteria": {
      "has_item": "2022-06-24 23:13:30 +0200"
    },
    "done": true
  },
  "create:recipes/building_blocks/blasting/ingot_tin_compat_mekanism": {
    "criteria": {
      "has_item": "2022-06-21 14:38:53 +0200"
    },
    "done": true
  },
  "rftoolsdim:recipes/rftoolsdim/dimension_monitor": {
    "criteria": {
      "redstone": "2022-06-24 00:37:56 +0200"
    },
    "done": true
  },
  "tconstruct:recipes/tconstruct/general/tables/tinkers_forge": {
    "criteria": {
      "has_item": "2022-06-18 23:29:42 +0200"
    },
    "done": true
  },
  "creategearaddon:recipes/large_magic_cogwheel": {
    "criteria": {
      "has_item": "2022-06-24 23:13:30 +0200"
    },
    "done": true
  },
  "create:recipes/create.palettes/vertical_framed_glass_from_glass_colorless_stonecutting": {
    "criteria": {
      "has_glass_colorless": "2022-06-15 20:23:03 +0200"
    },
    "done": true
  },
  "creategearaddon:recipes/half_shaft_jacaranda_cogwheel": {
    "criteria": {
      "has_cogwheels": "2022-06-15 14:35:36 +0200"
    },
    "done": true
  },
  "creategearaddon:recipes/large_half_shaft_fir_cogwheel": {
    "criteria": {
      "has_large_cogwheels": "2022-06-24 10:19:46 +0200"
    },
    "done": true
  },
  "minecraft:recipes/misc/bucket": {
    "criteria": {
      "has_iron_ingot": "2022-06-15 19:53:35 +0200"
    },
    "done": true
  },
  "tconstruct:recipes/brewing/common/glass/vanilla/glass_bottle": {
    "criteria": {
      "has_glass": "2022-06-15 20:23:03 +0200"
    },
    "done": true
  },
  "minecraft:recipes/building_blocks/stone_brick_stairs_from_stone_bricks_stonecutting": {
    "criteria": {
      "has_stone_bricks": "2022-06-24 12:32:47 +0200"
    },
    "done": true
  },
  "minecraft:recipes/decorations/yellow_bed_from_white_bed": {
    "criteria": {
      "has_bed": "2022-06-28 13:22:46 +0200"
    },
    "done": true
  },
  "create:recipes/create.base/crafting/logistics/powered_toggle_latch": {
    "criteria": {
      "has_item": "2022-06-24 00:37:56 +0200"
    },
    "done": true
  },
  "minecraft:recipes/redstone/note_block": {
    "criteria": {
      "has_redstone": "2022-06-24 00:37:56 +0200"
    },
    "done": true
  },
  "minecraft:recipes/decorations/orange_stained_glass_pane": {
    "criteria": {
      "has_glass": "2022-06-16 03:26:36 +0200"
    },
    "done": true
  },
  "connectedglass:recipes/connectedglass/borderless_glass_pane3": {
    "criteria": {
      "glass": "2022-06-16 03:28:26 +0200"
    },
    "done": true
  },
  "computercraft:recipes/computercraft/speaker": {
    "criteria": {
      "has_computer": "2022-06-30 14:24:59 +0200"
    },
    "done": true
  },
  "create:recipes/create.base/crafting/kinetics/whisk": {
    "criteria": {
      "has_item": "2022-06-27 08:51:50 +0200"
    },
    "done": true
  },
  "creategears:recipes/creategears/gear": {
    "criteria": {
      "has_cogwheels": "2022-06-15 14:35:36 +0200"
    },
    "done": true
  },
  "create:recipes/building_blocks/blasting/ingot_nickel_compat_immersiveengineering": {
    "criteria": {
      "has_item": "2022-06-21 14:37:20 +0200"
    },
    "done": true
  },
  "create:recipes/create.base/crafting/kinetics/mechanical_saw": {
    "criteria": {
      "has_item": "2022-06-24 10:28:15 +0200"
    },
    "done": true
  },
  "minecraft:recipes/combat/iron_helmet": {
    "criteria": {
      "has_iron_ingot": "2022-06-15 19:53:35 +0200"
    },
    "done": true
  },
  "create:its_alive": {
    "criteria": {
      "0": "2022-06-15 14:35:48 +0200"
    },
    "done": true
  },
  "creategearaddon:recipes/large_umbran_cogwheel": {
    "criteria": {
      "has_item": "2022-06-24 23:13:30 +0200"
    },
    "done": true
  },
  "create:recipes/building_blocks/smelting/lead_ingot_compat_silents_mechanisms": {
    "criteria": {
      "has_item": "2022-06-21 14:37:43 +0200"
    },
    "done": true
  },
  "minecraft:recipes/building_blocks/smooth_stone_slab": {
    "criteria": {
      "has_smooth_stone": "2022-06-24 12:33:16 +0200"
    },
    "done": true
  },
  "creategearaddon:recipes/large_half_shaft_hellbark_cogwheel": {
    "criteria": {
      "has_large_cogwheels": "2022-06-24 10:19:46 +0200"
    },
    "done": true
  },
  "minecraft:recipes/decorations/orange_bed_from_white_bed": {
    "criteria": {
      "has_bed": "2022-06-28 13:22:46 +0200"
    },
    "done": true
  },
  "rftoolsutility:recipes/rftoolsutility/inventory_module": {
    "criteria": {
      "ingot": "2022-06-15 19:53:35 +0200"
    },
    "done": true
  },
  "minecraft:recipes/combat/diamond_chestplate": {
    "criteria": {
      "has_diamond": "2022-06-21 14:39:14 +0200"
    },
    "done": true
  },
  "create:recipes/create.base/crafting/kinetics/rope_pulley": {
    "criteria": {
      "has_item": "2022-06-24 23:13:30 +0200"
    },
    "done": true
  },
  "create:recipes/create.base/crafting/kinetics/depot": {
    "criteria": {
      "has_item": "2022-06-24 10:28:15 +0200"
    },
    "done": true
  },
  "minecraft:recipes/redstone/target": {
    "criteria": {
      "has_redstone": "2022-06-24 00:37:56 +0200"
    },
    "done": true
  },
  "minecraft:recipes/transportation/minecart": {
    "criteria": {
      "has_iron_ingot": "2022-06-15 19:53:35 +0200"
    },
    "done": true
  },
  "create:recipes/create.base/crafting/kinetics/encased_fan": {
    "criteria": {
      "has_item": "2022-06-27 08:51:50 +0200"
    },
    "done": true
  },
  "connectedglass:recipes/connectedglass/borderless_glass_pink2": {
    "criteria": {
      "glass": "2022-06-16 03:28:26 +0200"
    },
    "done": true
  },
  "create:recipes/create.base/crafting/logistics/andesite_funnel": {
    "criteria": {
      "has_item": "2022-06-24 23:13:30 +0200"
    },
    "done": true
  },
  "tconstruct:recipes/tconstruct/general/common/materials/tinkers_bronze_nugget_from_ingot": {
    "criteria": {
      "has_item": "2022-06-27 08:52:05 +0200"
    },
    "done": true
  },
  "create:recipes/building_blocks/blasting/tin_ingot_compat_thermal": {
    "criteria": {
      "has_item": "2022-06-21 14:38:53 +0200"
    },
    "done": true
  },
  "create:andesite_casing": {
    "criteria": {
      "0": "2022-06-24 10:28:15 +0200"
    },
    "done": true
  },
  "creategearaddon:recipes/oak_cogwheel": {
    "criteria": {
      "has_item": "2022-06-24 23:13:30 +0200"
    },
    "done": true
  },
  "minecraft:recipes/tools/iron_hoe": {
    "criteria": {
      "has_iron_ingot": "2022-06-15 19:53:35 +0200"
    },
    "done": true
  },
  "create:recipes/create.base/crafting/kinetics/mechanical_pump": {
    "criteria": {
      "has_item": "2022-06-15 19:52:34 +0200"
    },
    "done": true
  },
  "minecraft:recipes/redstone/redstone_torch": {
    "criteria": {
      "has_redstone": "2022-06-24 00:37:56 +0200"
    },
    "done": true
  },
  "minecraft:recipes/building_blocks/stone_brick_slab": {
    "criteria": {
      "has_stone_bricks": "2022-06-24 12:32:47 +0200"
    },
    "done": true
  },
  "minecraft:recipes/transportation/birch_boat": {
    "criteria": {
      "in_water": "2022-06-15 14:36:10 +0200"
    },
    "done": true
  },
  "constructionwand:recipes/tools/diamond_wand": {
    "criteria": {
      "has_item": "2022-06-21 14:39:14 +0200"
    },
    "done": true
  },
  "creategears:recipes/creategears/large_half_shaft_gear": {
    "criteria": {
      "has_large_cogwheels": "2022-06-24 10:19:46 +0200"
    },
    "done": true
  },
  "minecraft:recipes/decorations/enchanting_table": {
    "criteria": {
      "has_obsidian": "2022-06-24 00:37:51 +0200"
    },
    "done": true
  },
  "rftoolsbuilder:recipes/rftoolsbuilder/blue_shield_template_block": {
    "criteria": {
      "glass": "2022-06-15 20:23:03 +0200"
    },
    "done": true
  },
  "minecraft:recipes/tools/iron_shovel": {
    "criteria": {
      "has_iron_ingot": "2022-06-15 19:53:35 +0200"
    },
    "done": true
  },
  "creategearaddon:recipes/large_dead_cogwheel": {
    "criteria": {
      "has_item": "2022-06-24 23:13:30 +0200"
    },
    "done": true
  },
  "tconstruct:recipes/tconstruct/tools/armor/building/plate_helmet": {
    "criteria": {
      "has_item": "2022-06-27 08:52:17 +0200"
    },
    "done": true
  },
  "minecraft:recipes/building_blocks/orange_stained_glass": {
    "criteria": {
      "has_glass": "2022-06-15 20:23:03 +0200"
    },
    "done": true
  },
  "connectedglass:recipes/connectedglass/scratched_glass_orange1": {
    "criteria": {
      "glass": "2022-06-16 03:27:07 +0200"
    },
    "done": true
  },
  "create:recipes/building_blocks/smelting/ingot_lead_compat_mekanism": {
    "criteria": {
      "has_item": "2022-06-21 14:37:43 +0200"
    },
    "done": true
  },
  "minecraft:recipes/decorations/cyan_bed_from_white_bed": {
    "criteria": {
      "has_bed": "2022-06-28 13:22:46 +0200"
    },
    "done": true
  },
  "alloyed:recipes/main_group/smithing/steel_shovel": {
    "criteria": {
      "has_ingredient": "2022-06-15 16:42:37 +0200"
    },
    "done": true
  },
  "minecraft:recipes/decorations/lime_bed_from_white_bed": {
    "criteria": {
      "has_bed": "2022-06-28 13:22:46 +0200"
    },
    "done": true
  },
  "minecraft:recipes/tools/clock": {
    "criteria": {
      "has_redstone": "2022-06-24 00:37:56 +0200"
    },
    "done": true
  },
  "create:recipes/create.base/crafting/logistics/adjustable_pulse_repeater": {
    "criteria": {
      "has_item": "2022-06-24 00:37:56 +0200"
    },
    "done": true
  },
  "creategearaddon:recipes/large_half_shaft_cherry_cogwheel": {
    "criteria": {
      "has_large_cogwheels": "2022-06-24 10:19:46 +0200"
    },
    "done": true
  },
  "minecraft:recipes/food/baked_potato_from_smoking": {
    "criteria": {
      "has_potato": "2022-06-21 13:45:12 +0200"
    },
    "done": true
  },
  "minecraft:recipes/tools/diamond_hoe": {
    "criteria": {
      "has_diamond": "2022-06-21 14:39:14 +0200"
    },
    "done": true
  },
  "tconstruct:recipes/tconstruct/tools/armor/building/travelers_goggles": {
    "criteria": {
      "has_item": "2022-06-15 19:52:34 +0200"
    },
    "done": true
  },
  "minecraft:recipes/combat/spectral_arrow": {
    "criteria": {
      "has_glowstone_dust": "2022-06-16 03:50:29 +0200"
    },
    "done": true
  },
  "create:recipes/create.base/crafting/kinetics/piston_extension_pole": {
    "criteria": {
      "has_item": "2022-06-24 23:13:30 +0200"
    },
    "done": true
  },
  "architects_palette:main/root": {
    "criteria": {
      "craftingtable": "2022-06-24 00:19:07 +0200"
    },
    "done": true
  },
  "minecraft:recipes/tools/diamond_shovel": {
    "criteria": {
      "has_diamond": "2022-06-21 14:39:14 +0200"
    },
    "done": true
  },
  "create:recipes/create.base/crafting/kinetics/wooden_bracket": {
    "criteria": {
      "has_item": "2022-06-24 23:13:30 +0200"
    },
    "done": true
  },
  "computercraft:recipes/computercraft/wireless_modem_normal": {
    "criteria": {
      "has_computer": "2022-06-30 14:24:59 +0200"
    },
    "done": true
  },
  "minecraft:recipes/decorations/green_bed_from_white_bed": {
    "criteria": {
      "has_bed": "2022-06-28 13:22:46 +0200"
    },
    "done": true
  },
  "create:recipes/building_blocks/blasting/aluminum_ingot_compat_silents_mechanisms": {
    "criteria": {
      "has_item": "2022-06-21 14:40:17 +0200"
    },
    "done": true
  },
  "creategearaddon:recipes/half_shaft_hellbark_cogwheel": {
    "criteria": {
      "has_cogwheels": "2022-06-15 14:35:36 +0200"
    },
    "done": true
  },
  "create:recipes/building_blocks/blasting/silver_ingot_compat_mysticalworld": {
    "criteria": {
      "has_item": "2022-06-21 14:37:30 +0200"
    },
    "done": true
  },
  "create:recipes/building_blocks/smelting/ingot_silver_compat_immersiveengineering": {
    "criteria": {
      "has_item": "2022-06-21 14:37:30 +0200"
    },
    "done": true
  },
  "create:recipes/create.base/crafting/kinetics/speedometer": {
    "criteria": {
      "has_item": "2022-06-24 23:13:30 +0200"
    },
    "done": true
  },
  "minecraft:recipes/food/baked_potato": {
    "criteria": {
      "has_potato": "2022-06-21 13:45:12 +0200"
    },
    "done": true
  },
  "create:recipes/building_blocks/smelting/ingot_uranium_compat_mekanism": {
    "criteria": {
      "has_item": "2022-06-21 14:40:35 +0200"
    },
    "done": true
  },
  "create:recipes/create.base/crafting/materials/shadow_steel_casing": {
    "criteria": {
      "has_item": "2022-06-28 13:18:12 +0200"
    },
    "done": true
  },
  "create:refined_radiance": {
    "criteria": {
      "0": "2022-06-28 13:15:16 +0200"
    },
    "done": true
  },
  "create:recipes/building_blocks/smelting/tin_ingot_compat_silents_mechanisms": {
    "criteria": {
      "has_item": "2022-06-21 14:38:53 +0200"
    },
    "done": true
  },
  "create:recipes/create.base/smelting/zinc_ingot_from_crushed": {
    "criteria": {
      "has_item": "2022-06-21 14:39:58 +0200"
    },
    "done": true
  },
  "connectedglass:recipes/connectedglass/borderless_glass_orange2": {
    "criteria": {
      "glass": "2022-06-16 03:28:26 +0200"
    },
    "done": true
  },
  "create:recipes/building_blocks/smelting/ingot_aluminum_compat_immersiveengineering": {
    "criteria": {
      "has_item": "2022-06-21 14:40:17 +0200"
    },
    "done": true
  },
  "create:recipes/create.base/crafting/materials/rose_quartz": {
    "criteria": {
      "has_item": "2022-06-24 00:37:56 +0200"
    },
    "done": true
  },
  "connectedglass:recipes/connectedglass/borderless_glass_orange1": {
    "criteria": {
      "glass": "2022-06-16 03:26:36 +0200"
    },
    "done": true
  },
  "minecraft:recipes/decorations/glass_pane": {
    "criteria": {
      "has_glass": "2022-06-15 20:23:03 +0200"
    },
    "done": true
  },
  "create:root": {
    "criteria": {
      "0": "2022-06-15 14:03:20 +0200"
    },
    "done": true
  },
  "minecraft:recipes/building_blocks/magenta_stained_glass": {
    "criteria": {
      "has_glass": "2022-06-15 20:23:03 +0200"
    },
    "done": true
  },
  "botanypots:husbandry/hopper_botany_pot": {
    "criteria": {
      "get_hopper_pot": "2022-06-21 13:43:23 +0200"
    },
    "done": true
  },
  "creategearaddon:recipes/magic_cogwheel": {
    "criteria": {
      "has_item": "2022-06-24 23:13:30 +0200"
    },
    "done": true
  },
  "minecraft:story/mine_diamond": {
    "criteria": {
      "diamond": "2022-06-21 14:39:14 +0200"
    },
    "done": true
  },
  "minecraft:recipes/combat/diamond_helmet": {
    "criteria": {
      "has_diamond": "2022-06-21 14:39:14 +0200"
    },
    "done": true
  },
  "creategearaddon:recipes/palm_cogwheel": {
    "criteria": {
      "has_item": "2022-06-24 23:13:30 +0200"
    },
    "done": true
  },
  "create:recipes/building_blocks/smelting/nickel_ingot_compat_silents_mechanisms": {
    "criteria": {
      "has_item": "2022-06-21 14:37:20 +0200"
    },
    "done": true
  },
  "exnihilosequentia:recipes/exnihilosequentia/ens_hammer_iron": {
    "criteria": {
      "has_material": "2022-06-15 19:53:35 +0200"
    },
    "done": true
  },
  "minecraft:recipes/transportation/oak_boat": {
    "criteria": {
      "in_water": "2022-06-15 14:36:10 +0200"
    },
    "done": true
  },
  "create:belt": {
    "criteria": {
      "0": "2022-06-15 16:45:17 +0200"
    },
    "done": true
  },
  "creategearaddon:recipes/half_shaft_dead_cogwheel": {
    "criteria": {
      "has_cogwheels": "2022-06-15 14:35:36 +0200"
    },
    "done": true
  },
  "creategearaddon:recipes/half_shaft_mahogany_cogwheel": {
    "criteria": {
      "has_cogwheels": "2022-06-15 14:35:36 +0200"
    },
    "done": true
  },
  "minecraft:recipes/decorations/blue_bed_from_white_bed": {
    "criteria": {
      "has_bed": "2022-06-28 13:22:46 +0200"
    },
    "done": true
  },
  "minecraft:recipes/building_blocks/stone_brick_stairs": {
    "criteria": {
      "has_stone_bricks": "2022-06-24 12:32:47 +0200"
    },
    "done": true
  },
  "minecraft:recipes/building_blocks/smooth_stone_slab_from_smooth_stone_stonecutting": {
    "criteria": {
      "has_smooth_stone": "2022-06-24 12:33:16 +0200"
    },
    "done": true
  },
  "computercraft:recipes/computercraft/printer": {
    "criteria": {
      "has_computer": "2022-06-30 14:24:59 +0200"
    },
    "done": true
  },
  "rftoolsstorage:recipes/rftoolsstorage/storage_module0": {
    "criteria": {
      "redstone": "2022-06-24 00:37:56 +0200"
    },
    "done": true
  },
  "exnihilosequentia:recipes/exnihilosequentia/ens_doll_x4": {
    "criteria": {
      "has_diamond": "2022-06-21 14:39:14 +0200"
    },
    "done": true
  },
  "creategearaddon:recipes/large_redwood_cogwheel": {
    "criteria": {
      "has_item": "2022-06-24 23:13:30 +0200"
    },
    "done": true
  },
  "create:recipes/create.base/crafting/kinetics/propeller": {
    "criteria": {
      "has_item": "2022-06-27 08:51:50 +0200"
    },
    "done": true
  },
  "create:deployer": {
    "criteria": {
      "0": "2022-06-24 00:41:29 +0200"
    },
    "done": true
  },
  "creategearaddon:recipes/half_shaft_willow_cogwheel": {
    "criteria": {
      "has_cogwheels": "2022-06-15 14:35:36 +0200"
    },
    "done": true
  },
  "minecraft:recipes/building_blocks/stone_bricks_from_stone_stonecutting": {
    "criteria": {
      "has_stone": "2022-06-15 14:03:20 +0200"
    },
    "done": true
  },
  "create:recipes/create.base/crafting/kinetics/goggles": {
    "criteria": {
      "has_item": "2022-06-24 23:13:30 +0200"
    },
    "done": true
  },
  "connectedglass:recipes/connectedglass/borderless_glass_yellow2": {
    "criteria": {
      "glass": "2022-06-16 03:28:26 +0200"
    },
    "done": true
  },
  "alloyed:bronze_ingot": {
    "criteria": {
      "has_bronze_ingot": "2022-06-21 14:39:25 +0200"
    },
    "done": true
  },
  "create:recipes/create.base/crafting/kinetics/gearbox": {
    "criteria": {
      "has_item": "2022-06-15 14:35:36 +0200"
    },
    "done": true
  },
  "create:recipes/building_blocks/smelting/lead_ingot_compat_thermal": {
    "criteria": {
      "has_item": "2022-06-21 14:37:43 +0200"
    },
    "done": true
  },
  "minecraft:recipes/tools/diamond_axe": {
    "criteria": {
      "has_diamond": "2022-06-21 14:39:14 +0200"
    },
    "done": true
  },
  "tconstruct:recipes/tconstruct/general/common/materials/cobalt_nugget_from_ingot": {
    "criteria": {
      "has_item": "2022-06-27 08:52:17 +0200"
    },
    "done": true
  },
  "create:recipes/building_blocks/blasting/ingot_lead_compat_immersiveengineering": {
    "criteria": {
      "has_item": "2022-06-21 14:37:43 +0200"
    },
    "done": true
  },
  "minecraft:recipes/decorations/stone_brick_wall_from_stone_bricks_stonecutting": {
    "criteria": {
      "has_stone_bricks": "2022-06-24 12:32:47 +0200"
    },
    "done": true
  },
  "minecraft:recipes/building_blocks/end_stone_bricks_from_end_stone_stonecutting": {
    "criteria": {
      "has_end_stone": "2022-06-28 13:23:12 +0200"
    },
    "done": true
  },
  "minecraft:recipes/building_blocks/end_stone_brick_stairs_from_end_stone_stonecutting": {
    "criteria": {
      "has_end_stone": "2022-06-28 13:23:12 +0200"
    },
    "done": true
  },
  "computercraft:recipes/computercraft/pocket_computer_normal": {
    "criteria": {
      "has_computer": "2022-06-30 14:24:59 +0200"
    },
    "done": true
  },
  "create:recipes/building_blocks/smelting/silver_ingot_compat_thermal": {
    "criteria": {
      "has_item": "2022-06-21 14:37:30 +0200"
    },
    "done": true
  },
  "create:recipes/create.base/blasting/zinc_ingot_from_crushed": {
    "criteria": {
      "has_item": "2022-06-21 14:39:58 +0200"
    },
    "done": true
  },
  "minecraft:recipes/building_blocks/chiseled_stone_bricks_from_stone_bricks_stonecutting": {
    "criteria": {
      "has_stone_bricks": "2022-06-24 12:32:47 +0200"
    },
    "done": true
  },
  "create:recipes/building_blocks/smelting/lead_ingot_compat_mysticalworld": {
    "criteria": {
      "has_item": "2022-06-21 14:37:43 +0200"
    },
    "done": true
  },
  "tconstruct:recipes/tconstruct/gadgets/gadgets/throwball/glow_ball": {
    "criteria": {
      "has_item": "2022-06-16 03:50:29 +0200"
    },
    "done": true
  },
  "minecraft:recipes/building_blocks/white_stained_glass": {
    "criteria": {
      "has_glass": "2022-06-15 20:23:03 +0200"
    },
    "done": true
  },
  "creategears:recipes/creategears/simple_gearshift_horizontal": {
    "criteria": {
      "has_cogwheel": "2022-06-15 14:35:36 +0200"
    },
    "done": true
  },
  "creategearaddon:recipes/large_oak_cogwheel": {
    "criteria": {
      "has_item": "2022-06-24 23:13:30 +0200"
    },
    "done": true
  },
  "minecraft:recipes/building_blocks/stone_slab": {
    "criteria": {
      "has_stone": "2022-06-15 14:03:20 +0200"
    },
    "done": true
  },
  "minecraft:recipes/combat/arrow": {
    "criteria": {
      "has_feather": "2022-06-16 03:50:31 +0200"
    },
    "done": true
  },
  "create:recipes/create.base/large_cogwheel": {
    "criteria": {
      "has_item": "2022-06-24 23:13:30 +0200"
    },
    "done": true
  },
  "refinedstorage:monitoring": {
    "criteria": {
      "crafting_monitor_in_inventory": "2022-06-30 11:47:45 +0200"
    },
    "done": true
  },
  "creategearaddon:recipes/large_half_shaft_warped_cogwheel": {
    "criteria": {
      "has_large_cogwheels": "2022-06-24 10:19:46 +0200"
    },
    "done": true
  },
  "storagedrawers:recipes/storagedrawers/spruce_drawers": {
    "criteria": {
      "has_chest": "2022-06-16 03:51:43 +0200"
    },
    "done": true
  },
  "boss_tools:rocket_tier_3_advancement": {
    "criteria": {
      "rocket_tier_3_advancement": "2022-06-15 16:48:49 +0200"
    },
    "done": true
  },
  "rechiseled:recipes/rechiseled/chisel": {
    "criteria": {
      "has_iron": "2022-06-15 19:53:35 +0200"
    },
    "done": true
  },
  "create:recipes/building_blocks/blasting/uranium_ingot_compat_silents_mechanisms": {
    "criteria": {
      "has_item": "2022-06-21 14:40:35 +0200"
    },
    "done": true
  },
  "create:recipes/create.base/crafting/kinetics/super_glue": {
    "criteria": {
      "has_item": "2022-06-27 08:51:50 +0200"
    },
    "done": true
  },
  "creategearaddon:recipes/large_half_shaft_dead_cogwheel": {
    "criteria": {
      "has_large_cogwheels": "2022-06-24 10:19:46 +0200"
    },
    "done": true
  },
  "trashcans:recipes/search/item_trash_can": {
    "criteria": {
      "chest": "2022-06-28 12:48:42 +0200"
    },
    "done": true
  },
  "minecraft:recipes/building_blocks/cyan_stained_glass": {
    "criteria": {
      "has_glass": "2022-06-15 20:23:03 +0200"
    },
    "done": true
  },
  "create:recipes/building_blocks/smelting/silver_ingot_compat_mysticalworld": {
    "criteria": {
      "has_item": "2022-06-21 14:37:30 +0200"
    },
    "done": true
  },
  "alloyed:recipes/main_group/crafting/bronze_bell": {
    "criteria": {
      "has_bronze_ingot": "2022-06-21 14:39:25 +0200"
    },
    "done": true
  },
  "create:recipes/building_blocks/smelting/ingot_tin_compat_mekanism": {
    "criteria": {
      "has_item": "2022-06-21 14:38:53 +0200"
    },
    "done": true
  },
  "computercraft:recipes/turtle_normal": {
    "criteria": {
      "has_normal": "2022-06-30 14:25:03 +0200"
    },
    "done": true
  },
  "alloyed:recipes/main_group/crafting/steel_bars": {
    "criteria": {
      "has_ingredient": "2022-06-15 16:42:37 +0200"
    },
    "done": true
  },
  "creategearaddon:recipes/birch_cogwheel": {
    "criteria": {
      "has_item": "2022-06-24 23:13:30 +0200",
      "has_the_recipe": "2022-06-24 23:13:30 +0200"
    },
    "done": true
  },
  "tconstruct:recipes/tconstruct/tools/armor/building/plate_leggings": {
    "criteria": {
      "has_item": "2022-06-27 08:52:17 +0200"
    },
    "done": true
  },
  "tconstruct:recipes/tconstruct/tools/armor/building/travelers_chestplate": {
    "criteria": {
      "has_item": "2022-06-15 19:52:34 +0200"
    },
    "done": true
  },
  "creategearaddon:recipes/large_mahogany_cogwheel": {
    "criteria": {
      "has_item": "2022-06-24 23:13:30 +0200"
    },
    "done": true
  },
  "create:recipes/create.base/crafting/kinetics/encased_chain_drive": {
    "criteria": {
      "has_item": "2022-06-24 10:28:15 +0200"
    },
    "done": true
  },
  "create:recipes/create.base/crafting/kinetics/turntable": {
    "criteria": {
      "has_item": "2022-06-24 23:13:30 +0200"
    },
    "done": true
  },
  "createdeco:recipes/createdeco.metals/zinc_mesh_fence": {
    "criteria": {
      "has_item": "2022-06-27 08:52:12 +0200"
    },
    "done": true
  },
  "creategearaddon:recipes/umbran_cogwheel": {
    "criteria": {
      "has_item": "2022-06-24 23:13:30 +0200"
    },
    "done": true
  },
  "create:recipes/create.base/blasting/copper_ingot_from_crushed": {
    "criteria": {
      "has_item": "2022-06-21 14:37:56 +0200"
    },
    "done": true
  },
  "exnihilosequentia:recipes/exnihilosequentia/ens_hammer_diamond": {
    "criteria": {
      "has_material": "2022-06-21 14:39:14 +0200"
    },
    "done": true
  },
  "minecraft:recipes/redstone/dropper": {
    "criteria": {
      "has_redstone": "2022-06-24 00:37:56 +0200"
    },
    "done": true
  },
  "creategearaddon:recipes/large_half_shaft_acacia_cogwheel": {
    "criteria": {
      "has_large_cogwheels": "2022-06-24 10:19:46 +0200"
    },
    "done": true
  },
  "create:recipes/create.base/crafting/kinetics/copper_valve_handle": {
    "criteria": {
      "has_item": "2022-06-15 19:52:34 +0200"
    },
    "done": true
  },
  "tconstruct:recipes/tconstruct/tools/tools/building/flint_and_bronze": {
    "criteria": {
      "has_bronze": "2022-06-27 08:52:05 +0200"
    },
    "done": true
  },
  "exnihilosequentia:recipes/exnihilosequentia/ens_crook_diamond": {
    "criteria": {
      "has_pebble": "2022-06-21 14:39:14 +0200"
    },
    "done": true
  },
  "minecraft:story/form_obsidian": {
    "criteria": {
      "obsidian": "2022-06-24 00:37:51 +0200"
    },
    "done": true
  },
  "connectedglass:recipes/connectedglass/borderless_glass_red2": {
    "criteria": {
      "glass": "2022-06-16 03:28:26 +0200"
    },
    "done": true
  },
  "create:recipes/building_blocks/blasting/lead_ingot_compat_thermal": {
    "criteria": {
      "has_item": "2022-06-21 14:37:43 +0200"
    },
    "done": true
  },
  "alloyed:recipes/main_group/smithing/steel_shears": {
    "criteria": {
      "has_ingredient": "2022-06-15 16:42:37 +0200"
    },
    "done": true
  },
  "creategearaddon:recipes/warped_cogwheel": {
    "criteria": {
      "has_item": "2022-06-24 23:13:30 +0200"
    },
    "done": true
  },
  "create:recipes/building_blocks/smelting/nickel_ingot_compat_thermal": {
    "criteria": {
      "has_item": "2022-06-21 14:37:20 +0200"
    },
    "done": true
  },
  "create:recipes/create.base/crafting/kinetics/sticker": {
    "criteria": {
      "has_item": "2022-06-24 23:13:29 +0200"
    },
    "done": true
  },
  "creategearaddon:recipes/dead_cogwheel": {
    "criteria": {
      "has_item": "2022-06-24 23:13:30 +0200"
    },
    "done": true
  },
  "minecraft:recipes/tools/compass": {
    "criteria": {
      "has_redstone": "2022-06-24 00:37:56 +0200"
    },
    "done": true
  },
  "rftoolsutility:recipes/rftoolsutility/machineinformation_module": {
    "criteria": {
      "ingot": "2022-06-15 19:53:35 +0200"
    },
    "done": true
  },
  "simplemagnets:recipes/search/advanced_magnet": {
    "criteria": {
      "magnet": "2022-06-15 19:38:54 +0200"
    },
    "done": true
  },
  "create:recipes/create.palettes/tiled_glass_from_glass_colorless_stonecutting": {
    "criteria": {
      "has_glass_colorless": "2022-06-15 20:23:03 +0200"
    },
    "done": true
  },
  "computercraft:recipes/computercraft/cable": {
    "criteria": {
      "has_computer": "2022-06-30 14:24:59 +0200"
    },
    "done": true
  },
  "alloyed:recipes/main_group/smithing/steel_axe": {
    "criteria": {
      "has_ingredient": "2022-06-15 16:42:37 +0200"
    },
    "done": true
  },
  "tconstruct:recipes/tconstruct/general/common/materials/copper_nugget_from_ingot": {
    "criteria": {
      "has_item": "2022-06-27 08:51:08 +0200"
    },
    "done": true
  },
  "create:shadow_steel": {
    "criteria": {
      "0": "2022-06-28 13:18:12 +0200"
    },
    "done": true
  },
  "create:recipes/building_blocks/smelting/silver_ingot_compat_silents_mechanisms": {
    "criteria": {
      "has_item": "2022-06-21 14:37:30 +0200"
    },
    "done": true
  },
  "rftoolsbuilder:recipes/rftoolsbuilder/green_shield_template_block": {
    "criteria": {
      "glass": "2022-06-15 20:23:03 +0200"
    },
    "done": true
  },
  "creategearaddon:recipes/large_jungle_cogwheel": {
    "criteria": {
      "has_item": "2022-06-24 23:13:30 +0200"
    },
    "done": true
  },
  "rftoolsutility:recipes/rftoolsutility/inventoryplus_module": {
    "criteria": {
      "ingot": "2022-06-15 19:53:35 +0200"
    },
    "done": true
  },
  "create:recipes/create.base/crafting/materials/copper_casing": {
    "criteria": {
      "has_item": "2022-06-15 19:52:34 +0200"
    },
    "done": true
  },
  "minecraft:recipes/redstone/iron_door": {
    "criteria": {
      "has_iron_ingot": "2022-06-15 19:53:35 +0200"
    },
    "done": true
  },
  "storagedrawers:recipes/storagedrawers/acacia_drawers": {
    "criteria": {
      "has_chest": "2022-06-16 03:51:43 +0200"
    },
    "done": true
  },
  "create:pipe_spill": {
    "criteria": {
      "0": "2022-06-15 14:36:09 +0200"
    },
    "done": true
  },
  "create:recipes/create.base/crafting/kinetics/mechanical_harvester": {
    "criteria": {
      "has_item": "2022-06-24 10:28:15 +0200"
    },
    "done": true
  },
  "tconstruct:recipes/tconstruct/gadgets/gadgets/throwball/efln_ball": {
    "criteria": {
      "has_item": "2022-06-16 03:50:29 +0200"
    },
    "done": true
  },
  "create:recipes/create.base/crafting/kinetics/filter": {
    "criteria": {
      "has_item": "2022-06-24 23:13:29 +0200"
    },
    "done": true
  },
  "extradisks:recipes/extradisks/advanced_storage_housing": {
    "criteria": {
      "has_processor": "2022-06-28 13:50:28 +0200"
    },
    "done": true
  },
  "rftoolsbuilder:recipes/rftoolsbuilder/shape_card_def": {
    "criteria": {
      "iron_ingot": "2022-06-15 19:53:35 +0200"
    },
    "done": true
  },
  "simplemagnets:recipes/search/basic_demagnetization_coil": {
    "criteria": {
      "iron": "2022-06-15 19:53:35 +0200"
    },
    "done": true
  },
  "create:recipes/building_blocks/blasting/silver_ingot_compat_iceandfire": {
    "criteria": {
      "has_item": "2022-06-21 14:37:30 +0200"
    },
    "done": true
  },
  "creategearaddon:recipes/large_half_shaft_palm_cogwheel": {
    "criteria": {
      "has_large_cogwheels": "2022-06-24 10:19:46 +0200"
    },
    "done": true
  },
  "creategearaddon:recipes/large_half_shaft_umbran_cogwheel": {
    "criteria": {
      "has_large_cogwheels": "2022-06-24 10:19:46 +0200"
    },
    "done": true
  },
  "create:recipes/building_blocks/smelting/tin_ingot_compat_mysticalworld": {
    "criteria": {
      "has_item": "2022-06-21 14:38:53 +0200"
    },
    "done": true
  },
  "minecraft:recipes/transportation/jungle_boat": {
    "criteria": {
      "in_water": "2022-06-15 14:36:10 +0200"
    },
    "done": true
  },
  "creategearaddon:recipes/acacia_cogwheel": {
    "criteria": {
      "has_item": "2022-06-24 23:13:30 +0200"
    },
    "done": true
  },
  "extradisks:recipes/extradisks/advanced_machine_casing": {
    "criteria": {
      "has_processor": "2022-06-28 13:50:28 +0200"
    },
    "done": true
  },
  "tconstruct:recipes/tconstruct/gadgets/gadgets/frame/diamond": {
    "criteria": {
      "has_item": "2022-06-21 14:39:14 +0200"
    },
    "done": true
  },
  "minecraft:recipes/decorations/stone_brick_walls_from_stone_stonecutting": {
    "criteria": {
      "has_stone": "2022-06-15 14:03:20 +0200"
    },
    "done": true
  },
  "connectedglass:recipes/connectedglass/clear_glass1": {
    "criteria": {
      "glass": "2022-06-16 03:28:26 +0200"
    },
    "done": true
  },
  "minecraft:recipes/building_blocks/end_stone_bricks": {
    "criteria": {
      "has_end_stone": "2022-06-28 13:23:12 +0200"
    },
    "done": true
  },
  "minecraft:recipes/redstone/heavy_weighted_pressure_plate": {
    "criteria": {
      "has_iron_ingot": "2022-06-15 19:53:35 +0200"
    },
    "done": true
  },
  "minecraft:recipes/transportation/dark_oak_boat": {
    "criteria": {
      "in_water": "2022-06-15 14:36:10 +0200"
    },
    "done": true
  },
  "create:recipes/building_blocks/smelting/ingot_uranium_compat_immersiveengineering": {
    "criteria": {
      "has_item": "2022-06-21 14:40:35 +0200"
    },
    "done": true
  },
  "create:recipes/create.base/crafting/kinetics/windmill_bearing": {
    "criteria": {
      "has_item": "2022-06-24 23:13:30 +0200"
    },
    "done": true
  },
  "connectedglass:recipes/connectedglass/borderless_glass_magenta2": {
    "criteria": {
      "glass": "2022-06-16 03:28:26 +0200"
    },
    "done": true
  },
  "minecraft:story/enter_the_end": {
    "criteria": {
      "entered_end": "2022-06-28 13:17:40 +0200"
    },
    "done": true
  },
  "minecraft:recipes/decorations/brown_bed_from_white_bed": {
    "criteria": {
      "has_bed": "2022-06-28 13:22:46 +0200"
    },
    "done": true
  },
  "minecraft:recipes/decorations/end_stone_brick_wall_from_end_stone_stonecutting": {
    "criteria": {
      "has_end_stone": "2022-06-28 13:23:12 +0200"
    },
    "done": true
  },
  "creategearaddon:recipes/large_half_shaft_jacaranda_cogwheel": {
    "criteria": {
      "has_large_cogwheels": "2022-06-24 10:19:46 +0200"
    },
    "done": true
  },
  "connectedglass:recipes/connectedglass/borderless_glass_black2": {
    "criteria": {
      "glass": "2022-06-16 03:28:26 +0200"
    },
    "done": true
  },
  "minecraft:recipes/misc/mojang_banner_pattern": {
    "criteria": {
      "has_enchanted_golden_apple": "2022-06-28 12:46:08 +0200"
    },
    "done": true
  },
  "minecraft:recipes/redstone/piston": {
    "criteria": {
      "has_redstone": "2022-06-24 00:37:56 +0200"
    },
    "done": true
  },
  "minecraft:recipes/building_blocks/stone_stairs": {
    "criteria": {
      "has_stone": "2022-06-15 14:03:20 +0200"
    },
    "done": true
  },
  "computercraft:recipes/turtle_advanced": {
    "criteria": {
      "has_advanced": "2022-06-30 14:25:01 +0200"
    },
    "done": true
  },
  "create:recipes/misc/smelting/iron_ingot_from_crushed": {
    "criteria": {
      "has_item": "2022-06-21 14:36:45 +0200"
    },
    "done": true
  },
  "create:recipes/building_blocks/blasting/nickel_ingot_compat_silents_mechanisms": {
    "criteria": {
      "has_item": "2022-06-21 14:37:20 +0200"
    },
    "done": true
  },
  "minecraft:recipes/combat/diamond_boots": {
    "criteria": {
      "has_diamond": "2022-06-21 14:39:14 +0200"
    },
    "done": true
  },
  "create:recipes/create.base/crafting/kinetics/fluid_pipe": {
    "criteria": {
      "has_item": "2022-06-15 19:52:34 +0200"
    },
    "done": true
  },
  "minecraft:story/smelt_iron": {
    "criteria": {
      "iron": "2022-06-15 19:53:35 +0200"
    },
    "done": true
  },
  "creategearaddon:recipes/half_shaft_oak_cogwheel": {
    "criteria": {
      "has_cogwheels": "2022-06-15 14:35:36 +0200"
    },
    "done": true
  },
  "creategears:recipes/creategears/fully_encased_chain_drive_vertical": {
    "criteria": {
      "has_shaft": "2022-06-15 16:45:14 +0200"
    },
    "done": true
  },
  "creategearaddon:recipes/large_birch_cogwheel": {
    "criteria": {
      "has_item": "2022-06-24 23:13:30 +0200"
    },
    "done": true
  },
  "cobblefordays:recipes/misc/tier_3": {
    "criteria": {
      "has_water": "2022-06-15 14:36:03 +0200"
    },
    "done": true
  },
  "cobblefordays:recipes/misc/tier_4": {
    "criteria": {
      "has_water": "2022-06-15 14:36:03 +0200"
    },
    "done": true
  },
  "rftoolsbuilder:recipes/rftoolsbuilder/yellow_shield_template_block": {
    "criteria": {
      "glass": "2022-06-15 20:23:03 +0200"
    },
    "done": true
  },
  "creategearaddon:recipes/large_half_shaft_dark_oak_cogwheel": {
    "criteria": {
      "has_large_cogwheels": "2022-06-24 10:19:46 +0200"
    },
    "done": true
  },
  "cobblefordays:recipes/misc/tier_5": {
    "criteria": {
      "has_water": "2022-06-15 14:36:03 +0200"
    },
    "done": true
  },
  "minecraft:recipes/building_blocks/pink_stained_glass": {
    "criteria": {
      "has_glass": "2022-06-15 20:23:03 +0200"
    },
    "done": true
  },
  "minecraft:recipes/decorations/light_gray_bed_from_white_bed": {
    "criteria": {
      "has_bed": "2022-06-28 13:22:46 +0200"
    },
    "done": true
  },
  "cobblefordays:recipes/misc/tier_1": {
    "criteria": {
      "has_water": "2022-06-15 14:36:03 +0200"
    },
    "done": true
  },
  "create:recipes/create.base/crafting/kinetics/linear_chassis": {
    "criteria": {
      "has_item": "2022-06-24 23:13:30 +0200"
    },
    "done": true
  },
  "cobblefordays:recipes/misc/tier_2": {
    "criteria": {
      "has_water": "2022-06-15 14:36:03 +0200"
    },
    "done": true
  },
  "computercraft:recipes/decorations/skull_dan200": {
    "criteria": {
      "has_computer": "2022-06-30 14:25:01 +0200"
    },
    "done": true
  },
  "DataVersion": 2586
}