{"stats":{"minecraft:mined":{"create:zinc_ore":1,"minecraft:nether_gold_ore":1,"byg:ametrine_ore":1,"kubejs:craunium_ore":1,"minecraft:diamond_ore":1,"libvulpes:orealuminum":2,"libvulpes:oreiridium":3,"minecraft:emerald_ore":1,"immersiveengineering:ore_nickel":2,"rftoolsbase:dimensionalshard_nether":1,"biggerreactors:yellorite_ore":1,"byg:cryptic_redstone_ore":1,"minecraft:nether_quartz_ore":1,"minecraft:lapis_ore":1,"immersiveengineering:ore_silver":1,"byg:pendorite_ore":1,"minecraft:gilded_blackstone":1,"rftoolsbase:dimensionalshard_overworld":1,"byg:lignite_ore":1,"byg:brimstone_nether_quartz_ore":1,"minecraft:redstone_ore":1,"libvulpes:oretin":2,"minecraft:iron_ore":1,"byg:blue_nether_quartz_ore":1,"create:copper_ore":1,"phosphophyllite:phosphophyllite_ore":1,"byg:budding_ametrine_ore":1,"minecraft:coal_ore":1,"byg:anthracite_ore":1,"byg:brimstone_nether_gold_ore":1,"rftoolsbase:dimensionalshard_end":1,"immersiveengineering:ore_lead":2,"libvulpes:orerutile":3,"byg:emeraldite_ore":1,"minecraft:ancient_debris":1,"minecraft:gold_ore":1,"immersiveengineering:ore_aluminum":2,"byg:blue_nether_gold_ore":1},"minecraft:used":{"minecraft:emerald_ore":1,"biggerreactors:yellorite_ore":1,"rftoolsbase:dimensionalshard_end":1,"byg:anthracite_ore":1,"immersiveengineering:ore_nickel":2,"minecraft:iron_ore":1,"byg:blue_nether_gold_ore":1,"immersiveengineering:ore_silver":1,"minecraft:redstone_ore":1,"immersiveengineering:ore_lead":2,"libvulpes:orerutile":3,"minecraft:chest":79,"immersiveengineering:capacitor_creative":1,"minecraft:stone":736,"byg:emeraldite_ore":1,"minecraft:gold_ore":1,"immersiveengineering:sorter":1,"immersiveengineering:steel_post":4,"kubejs:craunium_ore":1,"minecraft:gilded_blackstone":1,"immersiveengineering:wirecoil_steel":16,"minecraft:ancient_debris":1,"rftoolsbase:dimensionalshard_overworld":1,"byg:blue_nether_quartz_ore":1,"minecraft:nether_quartz_ore":1,"byg:lignite_ore":1,"create:schematicannon":1,"phosphophyllite:phosphophyllite_ore":1,"libvulpes:oretin":2,"minecraft:nether_gold_ore":1,"minecraft:diamond_pickaxe":11,"byg:pendorite_ore":1,"minecraft:coal_ore":1,"immersiveengineering:connector_mv_relay":1,"immersiveengineering:windmill":1,"immersiveengineering:connector_hv_relay":8,"byg:budding_ametrine_ore":1,"byg:brimstone_nether_gold_ore":1,"minecraft:lapis_ore":1,"immersiveengineering:ore_aluminum":2,"byg:ametrine_ore":1,"immersiveengineering:fluid_sorter":1,"immersiveengineering:connector_hv":1,"rftoolsbase:dimensionalshard_nether":1,"minecraft:diamond_ore":1,"immersiveengineering:transformer_hv":1,"create:zinc_ore":1,"byg:brimstone_nether_quartz_ore":1,"immersiveengineering:item_batcher":1,"constructionwand:diamond_wand":73,"immersiveengineering:wirecoil_copper":1,"libvulpes:orealuminum":2,"minecraft:netherite_pickaxe":36,"immersiveengineering:wirecoil_electrum":4,"byg:cryptic_redstone_ore":1,"immersiveengineering:logic_unit":1,"libvulpes:oreiridium":4,"create:copper_ore":1},"minecraft:dropped":{"minecraft:stone":1,"libvulpes:nuggetaluminum":64},"minecraft:custom":{"minecraft:play_one_minute":603004,"minecraft:leave_game":15,"minecraft:time_since_death":555054,"minecraft:climb_one_cm":1,"minecraft:time_since_rest":555086,"minecraft:damage_taken":347,"minecraft:sprint_one_cm":23972,"minecraft:walk_one_cm":35059,"minecraft:drop":2,"minecraft:use_wand":680,"minecraft:fly_one_cm":158844,"minecraft:open_chest":583,"minecraft:crouch_one_cm":33,"minecraft:deaths":1,"minecraft:sneak_time":319,"minecraft:jump":69,"minecraft:fall_one_cm":269},"minecraft:picked_up":{"libvulpes:platesteel":1,"libvulpes:oreiridium":1,"immersiveengineering:wirecoil_electrum":65,"libvulpes:dustiron":2,"libvulpes:ingotsilicon":1,"libvulpes:ingottin":1,"libvulpes:platealuminum":1,"minecraft:ancient_debris":1,"libvulpes:nuggettitanium":1,"byg:emeraldite_shards":1,"minecraft:lapis_lazuli":5,"libvulpes:duststeel":2,"immersiveengineering:capacitor_creative":64,"byg:lignite":5,"oreclumps:raw_iron":1,"rftoolsbase:dimensionalshard":13,"kubejs:craunium_raw":1,"immersiveengineering:transformer_hv":1,"byg:ametrine_gems":2,"minecraft:gold_nugget":15,"libvulpes:platesilicon":1,"libvulpes:nuggettin":1,"immersiveengineering:steel_post":4,"libvulpes:ingottitanium":1,"oreclumps:raw_thorium":1,"libvulpes:nuggetcopper":1,"libvulpes:plateiron":1,"libvulpes:dustaluminum":2,"libvulpes:dustiridium":2,"minecraft:chest":2,"libvulpes:nuggetaluminum":65,"immersiveengineering:connector_hv_relay":5,"libvulpes:nuggetsilicon":1,"libvulpes:nuggetiridium":1,"libvulpes:platetitanium":1,"oreclumps:raw_uranium":1,"oreclumps:raw_zinc":1,"immersiveengineering:connector_hv":65,"byg:raw_pendorite":2,"byg:anthracite":1,"minecraft:quartz":3,"libvulpes:ingotiridium":1,"libvulpes:dusttin":2,"oreclumps:raw_nickel":2,"libvulpes:dustgold":2,"libvulpes:dusttitanium":2,"oreclumps:raw_copper":1,"oreclumps:raw_lead":2,"minecraft:redstone":9,"kubejs:iridium_raw":3,"libvulpes:ingotaluminum":1,"immersiveengineering:wirecoil_steel":71,"libvulpes:platetin":1,"libvulpes:dustdilithium":2,"libvulpes:dustcopper":2,"libvulpes:orerutile":1,"oreclumps:raw_tin":2,"libvulpes:plategold":1,"oreclumps:raw_silver":1,"minecraft:diamond":1,"oreclumps:raw_titanium":3,"libvulpes:plateiridium":1,"libvulpes:nuggetsteel":1,"libvulpes:ingotcopper":1,"immersiveengineering:connector_mv_relay":64,"oreclumps:raw_aluminum":4,"libvulpes:platecopper":1,"minecraft:emerald":1,"libvulpes:dustsilicon":2,"minecraft:coal":1,"oreclumps:raw_gold":1,"oreclumps:raw_chromium":1}},"DataVersion":2586}