{
  "variants": {
    "facing=north,powered=false,shape=retracted": {
      "model": "create:block/andesite_belt_funnel__retracted"
    },
    "facing=south,powered=false,shape=retracted": {
      "model": "create:block/andesite_belt_funnel__retracted",
      "y": 180
    },
    "facing=west,powered=false,shape=retracted": {
      "model": "create:block/andesite_belt_funnel__retracted",
      "y": 270
    },
    "facing=east,powered=false,shape=retracted": {
      "model": "create:block/andesite_belt_funnel__retracted",
      "y": 90
    },
    "facing=north,powered=true,shape=retracted": {
      "model": "create:block/andesite_belt_funnel__powered_retracted"
    },
    "facing=south,powered=true,shape=retracted": {
      "model": "create:block/andesite_belt_funnel__powered_retracted",
      "y": 180
    },
    "facing=west,powered=true,shape=retracted": {
      "model": "create:block/andesite_belt_funnel__powered_retracted",
      "y": 270
    },
    "facing=east,powered=true,shape=retracted": {
      "model": "create:block/andesite_belt_funnel__powered_retracted",
      "y": 90
    },
    "facing=north,powered=false,shape=extended": {
      "model": "create:block/andesite_belt_funnel__extended"
    },
    "facing=south,powered=false,shape=extended": {
      "model": "create:block/andesite_belt_funnel__extended",
      "y": 180
    },
    "facing=west,powered=false,shape=extended": {
      "model": "create:block/andesite_belt_funnel__extended",
      "y": 270
    },
    "facing=east,powered=false,shape=extended": {
      "model": "create:block/andesite_belt_funnel__extended",
      "y": 90
    },
    "facing=north,powered=true,shape=extended": {
      "model": "create:block/andesite_belt_funnel__powered_extended"
    },
    "facing=south,powered=true,shape=extended": {
      "model": "create:block/andesite_belt_funnel__powered_extended",
      "y": 180
    },
    "facing=west,powered=true,shape=extended": {
      "model": "create:block/andesite_belt_funnel__powered_extended",
      "y": 270
    },
    "facing=east,powered=true,shape=extended": {
      "model": "create:block/andesite_belt_funnel__powered_extended",
      "y": 90
    },
    "facing=north,powered=false,shape=pushing": {
      "model": "create:block/andesite_belt_funnel__pushing"
    },
    "facing=south,powered=false,shape=pushing": {
      "model": "create:block/andesite_belt_funnel__pushing",
      "y": 180
    },
    "facing=west,powered=false,shape=pushing": {
      "model": "create:block/andesite_belt_funnel__pushing",
      "y": 270
    },
    "facing=east,powered=false,shape=pushing": {
      "model": "create:block/andesite_belt_funnel__pushing",
      "y": 90
    },
    "facing=north,powered=true,shape=pushing": {
      "model": "create:block/andesite_belt_funnel__powered_pushing"
    },
    "facing=south,powered=true,shape=pushing": {
      "model": "create:block/andesite_belt_funnel__powered_pushing",
      "y": 180
    },
    "facing=west,powered=true,shape=pushing": {
      "model": "create:block/andesite_belt_funnel__powered_pushing",
      "y": 270
    },
    "facing=east,powered=true,shape=pushing": {
      "model": "create:block/andesite_belt_funnel__powered_pushing",
      "y": 90
    },
    "facing=north,powered=false,shape=pulling": {
      "model": "create:block/andesite_belt_funnel__pulling"
    },
    "facing=south,powered=false,shape=pulling": {
      "model": "create:block/andesite_belt_funnel__pulling",
      "y": 180
    },
    "facing=west,powered=false,shape=pulling": {
      "model": "create:block/andesite_belt_funnel__pulling",
      "y": 270
    },
    "facing=east,powered=false,shape=pulling": {
      "model": "create:block/andesite_belt_funnel__pulling",
      "y": 90
    },
    "facing=north,powered=true,shape=pulling": {
      "model": "create:block/andesite_belt_funnel__powered_pulling"
    },
    "facing=south,powered=true,shape=pulling": {
      "model": "create:block/andesite_belt_funnel__powered_pulling",
      "y": 180
    },
    "facing=west,powered=true,shape=pulling": {
      "model": "create:block/andesite_belt_funnel__powered_pulling",
      "y": 270
    },
    "facing=east,powered=true,shape=pulling": {
      "model": "create:block/andesite_belt_funnel__powered_pulling",
      "y": 90
    }
  }
}