{
  "variants": {
    "backwards=false,shape=north_south": {
      "model": "create:block/controller_rail/block_north_south"
    },
    "backwards=true,shape=north_south": {
      "model": "create:block/controller_rail/block_north_south",
      "y": 180
    },
    "backwards=false,shape=east_west": {
      "model": "create:block/controller_rail/block_north_south",
      "y": 270
    },
    "backwards=true,shape=east_west": {
      "model": "create:block/controller_rail/block_north_south",
      "y": 90
    },
    "backwards=false,shape=ascending_east": {
      "model": "create:block/controller_rail/block_ascending_south",
      "y": 270
    },
    "backwards=true,shape=ascending_east": {
      "model": "create:block/controller_rail/block_ascending_north",
      "y": 90
    },
    "backwards=false,shape=ascending_west": {
      "model": "create:block/controller_rail/block_ascending_north",
      "y": 270
    },
    "backwards=true,shape=ascending_west": {
      "model": "create:block/controller_rail/block_ascending_south",
      "y": 90
    },
    "backwards=false,shape=ascending_north": {
      "model": "create:block/controller_rail/block_ascending_north"
    },
    "backwards=true,shape=ascending_north": {
      "model": "create:block/controller_rail/block_ascending_south",
      "y": 180
    },
    "backwards=false,shape=ascending_south": {
      "model": "create:block/controller_rail/block_ascending_south"
    },
    "backwards=true,shape=ascending_south": {
      "model": "create:block/controller_rail/block_ascending_north",
      "y": 180
    }
  }
}