{
  "variants": {
    "oxidization=0": {
      "model": "create:block/oxidized/copper_tiles_0"
    },
    "oxidization=1": {
      "model": "create:block/oxidized/copper_tiles_1"
    },
    "oxidization=2": {
      "model": "create:block/oxidized/copper_tiles_2"
    },
    "oxidization=3": {
      "model": "create:block/oxidized/copper_tiles_3"
    },
    "oxidization=4": {
      "model": "create:block/oxidized/copper_tiles_4"
    },
    "oxidization=5": {
      "model": "create:block/oxidized/copper_tiles_5"
    },
    "oxidization=6": {
      "model": "create:block/oxidized/copper_tiles_6"
    },
    "oxidization=7": {
      "model": "create:block/oxidized/copper_tiles_7"
    }
  }
}