{
  "variants": {
    "oxidization=0": {
      "model": "create:block/oxidized/copper_shingles_0"
    },
    "oxidization=1": {
      "model": "create:block/oxidized/copper_shingles_1"
    },
    "oxidization=2": {
      "model": "create:block/oxidized/copper_shingles_2"
    },
    "oxidization=3": {
      "model": "create:block/oxidized/copper_shingles_3"
    },
    "oxidization=4": {
      "model": "create:block/oxidized/copper_shingles_4"
    },
    "oxidization=5": {
      "model": "create:block/oxidized/copper_shingles_5"
    },
    "oxidization=6": {
      "model": "create:block/oxidized/copper_shingles_6"
    },
    "oxidization=7": {
      "model": "create:block/oxidized/copper_shingles_7"
    }
  }
}