{
  "variants": {
    "facing=down": {
      "model": "create:block/creative_motor/block_vertical",
      "x": 180
    },
    "facing=up": {
      "model": "create:block/creative_motor/block_vertical"
    },
    "facing=north": {
      "model": "create:block/creative_motor/block",
      "y": 180
    },
    "facing=south": {
      "model": "create:block/creative_motor/block"
    },
    "facing=west": {
      "model": "create:block/creative_motor/block",
      "y": 90
    },
    "facing=east": {
      "model": "create:block/creative_motor/block",
      "y": 270
    }
  }
}