{
  "variants": {
    "alt=false,axis=x": {
      "model": "create:block/fluid_pipe/window",
      "x": 90,
      "y": 90
    },
    "alt=true,axis=x": {
      "model": "create:block/fluid_pipe/window_alt",
      "x": 90,
      "y": 90
    },
    "alt=false,axis=y": {
      "model": "create:block/fluid_pipe/window"
    },
    "alt=true,axis=y": {
      "model": "create:block/fluid_pipe/window_alt"
    },
    "alt=false,axis=z": {
      "model": "create:block/fluid_pipe/window",
      "x": 90,
      "y": 180
    },
    "alt=true,axis=z": {
      "model": "create:block/fluid_pipe/window_alt",
      "x": 90,
      "y": 180
    }
  }
}