{
  "variants": {
    "facing=north,waterlogged=false": {
      "model": "create:block/gray_toolbox"
    },
    "facing=south,waterlogged=false": {
      "model": "create:block/gray_toolbox",
      "y": 180
    },
    "facing=west,waterlogged=false": {
      "model": "create:block/gray_toolbox",
      "y": 270
    },
    "facing=east,waterlogged=false": {
      "model": "create:block/gray_toolbox",
      "y": 90
    },
    "facing=north,waterlogged=true": {
      "model": "create:block/gray_toolbox"
    },
    "facing=south,waterlogged=true": {
      "model": "create:block/gray_toolbox",
      "y": 180
    },
    "facing=west,waterlogged=true": {
      "model": "create:block/gray_toolbox",
      "y": 270
    },
    "facing=east,waterlogged=true": {
      "model": "create:block/gray_toolbox",
      "y": 90
    }
  }
}