{
  "multipart": [
    {
      "apply": {
        "model": "create:block/oak_window_pane_post"
      }
    },
    {
      "when": {
        "north": "true"
      },
      "apply": {
        "model": "create:block/oak_window_pane_side"
      }
    },
    {
      "when": {
        "north": "false"
      },
      "apply": {
        "model": "create:block/oak_window_pane_noside"
      }
    },
    {
      "when": {
        "south": "true"
      },
      "apply": {
        "model": "create:block/oak_window_pane_side_alt"
      }
    },
    {
      "when": {
        "south": "false"
      },
      "apply": {
        "model": "create:block/oak_window_pane_noside_alt",
        "y": 90
      }
    },
    {
      "when": {
        "west": "true"
      },
      "apply": {
        "model": "create:block/oak_window_pane_side_alt",
        "y": 90
      }
    },
    {
      "when": {
        "west": "false"
      },
      "apply": {
        "model": "create:block/oak_window_pane_noside",
        "y": 270
      }
    },
    {
      "when": {
        "east": "true"
      },
      "apply": {
        "model": "create:block/oak_window_pane_side",
        "y": 90
      }
    },
    {
      "when": {
        "east": "false"
      },
      "apply": {
        "model": "create:block/oak_window_pane_noside_alt"
      }
    }
  ]
}