{
  "variants": {
    "facing=down,powered=false": {
      "model": "create:block/redstone_contact/block",
      "x": 180
    },
    "facing=up,powered=false": {
      "model": "create:block/redstone_contact/block"
    },
    "facing=north,powered=false": {
      "model": "create:block/redstone_contact/block",
      "x": 90
    },
    "facing=south,powered=false": {
      "model": "create:block/redstone_contact/block",
      "x": 90,
      "y": 180
    },
    "facing=west,powered=false": {
      "model": "create:block/redstone_contact/block",
      "x": 90,
      "y": 270
    },
    "facing=east,powered=false": {
      "model": "create:block/redstone_contact/block",
      "x": 90,
      "y": 90
    },
    "facing=down,powered=true": {
      "model": "create:block/redstone_contact/block_powered",
      "x": 180
    },
    "facing=up,powered=true": {
      "model": "create:block/redstone_contact/block_powered"
    },
    "facing=north,powered=true": {
      "model": "create:block/redstone_contact/block_powered",
      "x": 90
    },
    "facing=south,powered=true": {
      "model": "create:block/redstone_contact/block_powered",
      "x": 90,
      "y": 180
    },
    "facing=west,powered=true": {
      "model": "create:block/redstone_contact/block_powered",
      "x": 90,
      "y": 270
    },
    "facing=east,powered=true": {
      "model": "create:block/redstone_contact/block_powered",
      "x": 90,
      "y": 90
    }
  }
}