{
  "variants": {
    "connects_n=false,connects_s=false,shape=north_south": {
      "model": "create:block/reinforced_rail/block"
    },
    "connects_n=true,connects_s=false,shape=north_south": {
      "model": "create:block/reinforced_rail/block_n"
    },
    "connects_n=false,connects_s=true,shape=north_south": {
      "model": "create:block/reinforced_rail/block_s"
    },
    "connects_n=true,connects_s=true,shape=north_south": {
      "model": "create:block/reinforced_rail/block_s_n"
    },
    "connects_n=false,connects_s=false,shape=east_west": {
      "model": "create:block/reinforced_rail/block",
      "y": 90
    },
    "connects_n=true,connects_s=false,shape=east_west": {
      "model": "create:block/reinforced_rail/block_n",
      "y": 90
    },
    "connects_n=false,connects_s=true,shape=east_west": {
      "model": "create:block/reinforced_rail/block_s",
      "y": 90
    },
    "connects_n=true,connects_s=true,shape=east_west": {
      "model": "create:block/reinforced_rail/block_s_n",
      "y": 90
    }
  }
}