{"stats":{"minecraft:custom":{"minecraft:open_barrel":159,"minecraft:play_one_minute":928424,"minecraft:leave_game":52,"minecraft:time_since_death":928423,"minecraft:climb_one_cm":2527,"minecraft:time_since_rest":928424,"minecraft:sprint_one_cm":107803,"minecraft:walk_one_cm":211894,"minecraft:drop":38,"minecraft:use_wand":1150,"minecraft:damage_dealt":78,"minecraft:interact_with_beacon":2,"minecraft:fly_one_cm":657159,"minecraft:open_chest":175,"minecraft:crouch_one_cm":3471,"minecraft:sneak_time":4921,"minecraft:jump":401,"minecraft:walk_on_water_one_cm":42,"minecraft:fall_one_cm":211},"minecraft:dropped":{"create:vertical_gearbox":1,"createsupercharged:creative_rose_glow_saber":1,"create:chromatic_compound":64,"kubejs:nickel_crop":1,"minecraft:feather":1,"kubejs:copper_crop":1,"kubejs:lead_crop":1,"kubejs:silver_crop":1,"minecraft:bedrock":1,"kubejs:desh_crop":1,"kubejs:iron_crop":2,"kubejs:electrum_crop":1,"create:encased_fan":1,"refinedstorage:wireless_grid":1,"minecraft:stone":3,"kubejs:steel_crop":1,"create:creative_motor":1,"kubejs:tin_crop":1,"kubejs:flux_sequenced":2,"createsupercharged:creative_rose_glowpick":1,"kubejs:craunium_crop":1,"kubejs:silicon_crop":2,"minecraft:redstone":449},"minecraft:mined":{"minecraft:stone":3},"minecraft:picked_up":{"fluxnetworks:flux_dust":196,"minecraft:feather":1,"kubejs:steel_sequenced_compressed_plate":35,"create:belt_connector":1,"kubejs:craunium_dust":22,"kubejs:iron_crop":1,"minecraft:bedrock":1,"kubejs:electrum_crop":2,"kubejs:diamond_crop":1,"minecraft:dirt":31,"tconstruct:dragon_scale":14,"create:chromatic_compound":32,"kubejs:cobalt_crop":1,"create:refined_radiance":15,"alloyed:steel_ingot":1025,"kubejs:gold_crop":1,"minecraft:wheat_seeds":1,"kubejs:uranium_crop":1,"kubejs:copper_crop":1,"kubejs:steel_gear":144,"kubejs:zinc_crop":1,"kubejs:steel_fan":64,"create:shaft":1,"kubejs:steel_crop":1,"kubejs:steel_stick":4,"kubejs:flux_sequenced":16,"minecraft:stone":2,"kubejs:lead_crop":1,"kubejs:bronze_crop":1,"boss_tools:rocket_t3":1,"alloyed:steel_sheet":62,"kubejs:steel_dust":240,"minecraft:white_bed":7,"minecraft:redstone":282,"kubejs:nickel_crop":1,"boss_tools:compressed_steel":1,"kubejs:silver_crop":1,"create:shadow_steel":17,"create:creative_motor":2,"kubejs:craunium_crop":15,"kubejs:tin_crop":1,"minecraft:lever":1,"kubejs:ore_dirt":2,"kubejs:silicon_crop":1,"kubejs:aluminum_crop":1},"minecraft:used":{"pipez:fluid_pipe":46,"create:handheld_worldshaper":2,"create_stuff_additions:brass_globe":1,"connectedglass:borderless_glass_orange":8,"minecraft:water_bucket":1,"create:deployer":4,"minecraft:netherite_sword":35,"create:weighted_ejector":13,"compactmachines:machine_normal":3,"excompressum:mooshroom_bait":3,"minecraft:oak_sign":1,"compactmachines:wall":5,"minecraft:redstone":2,"excompressum:ugly_steel_plating":1,"tconstruct:black_clear_stained_glass":13,"minecraft:chest":7,"minecraft:stone":1205,"minecraft:beacon":2,"minecraft:structure_block":2,"minecraft:orange_stained_glass":4,"minecraft:diamond_block":87,"create:fluid_tank":2,"minecraft:dirt":1,"compactmachines:machine_tiny":2,"createdeco:netherite_catwalk":1,"create:mechanical_pump":1,"extrastorage:netherite_crafter":3,"create:encased_fan":14,"rechiseled:stone_diagonal_bricks_connecting":18,"create:brass_funnel":6,"create:cogwheel":2,"botanypotstiers:creative_botany_pot":1,"boss_tools:iron_plating_block":5,"botanypotstiers:ultra_botany_pot":4,"constructionwand:stone_wand":36,"minecraft:white_bed":143,"createchunkloading:chunk_loader":2,"minecraft:end_stone":1,"botanypots:hopper_black_botany_pot":38,"boss_tools:solar_panel":1,"tconstruct:tinkers_bronze_block":1,"minecraft:obsidian":11,"botanypotstiers:creative_hopper_magenta_botany_pot":1,"minecraft:sticky_piston":3,"minecraft:glass":28,"botanypots:hopper_brown_botany_pot":1,"minecraft:lever":1,"create_stuff_additions:chocolate_fountain":1,"boss_tools:blue_iron_plating_block":4,"create:mechanical_press":5,"botanypotstiers:elite_hopper_botany_pot":7,"create:wrench":4,"create:gearbox":21,"create_stuff_additions:nixie_lamp":1,"constructionwand:infinity_wand":57,"createaddition:creative_energy":1,"byg:pendorite_sword":46,"compactmachines:machine_large":2,"boss_tools:rocket_launch_pad":1,"connectedglass:borderless_glass":12,"connectedglass:clear_glass_orange":9,"rechiseled:stone_smooth_connecting":7,"create:andesite_casing":3,"minecraft:bedrock":2,"alloyed:steel_catwalk":9,"create:creative_motor":10,"minecraft:item_frame":1,"minecraft:barrel":31,"minecraft:stone_bricks":2,"pipez:universal_pipe":11,"createsupercharged:creative_rose_glowpick":3,"compactmachines:machine_giant":2,"create:rotation_speed_controller":2,"kubejs:ore_dirt":1,"create:shaft":39,"compactmachines:machine_small":3,"pipez:item_pipe":31,"excompressum:auto_hammer":1,"compactmachines:machine_maximum":2,"create:fluid_pipe":10,"create:creative_fluid_tank":3,"pipez:energy_pipe":10,"create:vertical_gearbox":40,"tiab:timeinabottle":195,"minecraft:smooth_stone":5,"create:belt_connector":28,"create:large_cogwheel":2}},"DataVersion":2586}