{"stats":{"minecraft:custom":{"minecraft:leave_game":18,"minecraft:time_since_death":807718,"minecraft:climb_one_cm":1,"minecraft:sprint_one_cm":42126,"minecraft:walk_one_cm":58200,"minecraft:drop":28,"minecraft:deaths":1,"minecraft:sneak_time":677,"minecraft:jump":124,"minecraft:play_one_minute":855668,"minecraft:time_since_rest":807750,"minecraft:damage_taken":347,"minecraft:use_wand":680,"minecraft:fly_one_cm":214816,"minecraft:open_chest":769,"minecraft:crouch_one_cm":138,"minecraft:fall_one_cm":269},"minecraft:picked_up":{"libvulpes:ingotsteel":1,"immersiveengineering:wirecoil_electrum":65,"libvulpes:dustiron":2,"libvulpes:ingottin":2,"kubejs:craunium_dust":1,"oreclumps:tin_ingot":1,"libvulpes:duststeel":2,"byg:lignite":5,"oreclumps:raw_iron":1,"oreclumps:uranium_ingot":1,"oreclumps:titanium_ingot":1,"kubejs:craunium_raw":1,"kubejs:craunium_ingot":87,"immersiveengineering:transformer_hv":1,"minecraft:gold_nugget":15,"libvulpes:platesilicon":1,"libvulpes:nuggettin":1,"immersiveengineering:steel_post":4,"libvulpes:ingottitanium":2,"libvulpes:dustiridium":2,"tconstruct:manyullyn_ingot":1,"minecraft:chest":3,"libvulpes:nuggetaluminum":65,"libvulpes:nuggetsilicon":1,"advancedrocketry:carbon_brick":1,"oreclumps:raw_uranium":1,"kubejs:craunium_nugget":1,"immersiveengineering:connector_hv":65,"byg:raw_pendorite":2,"oreclumps:zinc_ingot":1,"byg:anthracite":1,"immersiveengineering:ingot_electrum":1,"libvulpes:ingotiridium":2,"oreclumps:raw_nickel":2,"libvulpes:dusttin":2,"oreclumps:mythril_ingot":1,"minecraft:redstone":9,"oreclumps:raw_lead":2,"tconstruct:cobalt_ingot":1,"immersiveengineering:wirecoil_steel":71,"libvulpes:dustdilithium":2,"libvulpes:orerutile":1,"libvulpes:plategold":1,"kubejs:craunium_block":1,"oreclumps:raw_silver":1,"oreclumps:raw_titanium":3,"oreclumps:osmium_ingot":1,"advancedrocketry:ingottitaniumiridium":1,"oreclumps:raw_aluminum":4,"libvulpes:nuggetsteel":1,"immersiveengineering:connector_mv_relay":64,"libvulpes:platecopper":1,"libvulpes:ingotcopper":2,"kubejs:craunium_crystal":261,"oreclumps:raw_gold":1,"immersiveengineering:ingot_steel":1,"kubejs:craunium_sheet":1,"oreclumps:aluminum_ingot":1,"libvulpes:platesteel":1,"libvulpes:oreiridium":1,"libvulpes:ingotsilicon":2,"libvulpes:platealuminum":1,"minecraft:ancient_debris":1,"libvulpes:nuggettitanium":1,"byg:emeraldite_shards":1,"minecraft:lapis_lazuli":5,"kubejs:silver_dust":682,"immersiveengineering:capacitor_creative":64,"tconstruct:rose_gold_ingot":1,"rftoolsbase:dimensionalshard":13,"byg:ametrine_gems":2,"immersiveengineering:ingot_hop_graphite":1,"oreclumps:raw_thorium":1,"oreclumps:platinum_ingot":1,"oreclumps:adamantium_ingot":1,"libvulpes:nuggetcopper":1,"tconstruct:copper_ingot":1,"libvulpes:dustaluminum":2,"libvulpes:plateiron":1,"immersiveengineering:connector_hv_relay":5,"libvulpes:nuggetiridium":1,"libvulpes:platetitanium":1,"oreclumps:raw_zinc":1,"tconstruct:pig_iron_ingot":1,"oreclumps:tungsten_ingot":1,"tconstruct:tinkers_bronze_ingot":1,"oreclumps:cobalt_ingot":1,"minecraft:quartz":3,"advancedrocketry:ingottitaniumaluminide":1,"tconstruct:slimesteel_ingot":1,"libvulpes:dustgold":2,"libvulpes:dusttitanium":2,"oreclumps:raw_copper":1,"kubejs:iridium_raw":3,"libvulpes:ingotaluminum":2,"tconstruct:queens_slime_ingot":1,"libvulpes:platetin":1,"immersiveengineering:ingot_constantan":1,"libvulpes:dustcopper":2,"tconstruct:hepatizon_ingot":1,"oreclumps:raw_tin":2,"minecraft:diamond":1,"oreclumps:thorium_ingot":1,"libvulpes:plateiridium":1,"oreclumps:chromium_ingot":1,"minecraft:emerald":1,"libvulpes:dustsilicon":2,"minecraft:coal":1,"oreclumps:raw_chromium":1},"minecraft:dropped":{"libvulpes:nuggetaluminum":64,"minecraft:stone":1,"kubejs:craunium_ingot":138,"minecraft:chest":2},"minecraft:mined":{"create:zinc_ore":1,"minecraft:nether_gold_ore":1,"minecraft:diamond_ore":1,"kubejs:craunium_ore":1,"libvulpes:oreiridium":3,"immersiveengineering:ore_nickel":2,"byg:cryptic_redstone_ore":1,"immersiveengineering:ore_silver":1,"minecraft:gilded_blackstone":1,"minecraft:redstone_ore":1,"libvulpes:oretin":2,"minecraft:iron_ore":1,"byg:blue_nether_quartz_ore":1,"create:copper_ore":1,"phosphophyllite:phosphophyllite_ore":1,"byg:anthracite_ore":1,"immersiveengineering:ore_lead":2,"rftoolsbase:dimensionalshard_end":1,"libvulpes:orerutile":3,"byg:emeraldite_ore":1,"immersiveengineering:ore_aluminum":2,"byg:blue_nether_gold_ore":1,"byg:ametrine_ore":1,"libvulpes:orealuminum":2,"minecraft:emerald_ore":1,"rftoolsbase:dimensionalshard_nether":1,"biggerreactors:yellorite_ore":1,"minecraft:nether_quartz_ore":1,"minecraft:lapis_ore":1,"byg:pendorite_ore":1,"rftoolsbase:dimensionalshard_overworld":1,"byg:lignite_ore":1,"byg:brimstone_nether_quartz_ore":1,"byg:budding_ametrine_ore":1,"minecraft:coal_ore":1,"byg:brimstone_nether_gold_ore":1,"minecraft:ancient_debris":1,"minecraft:gold_ore":1},"minecraft:used":{"biggerreactors:yellorite_ore":1,"rftoolsbase:dimensionalshard_end":1,"immersiveengineering:ore_nickel":2,"byg:blue_nether_gold_ore":1,"immersiveengineering:ore_silver":1,"minecraft:redstone_ore":1,"immersiveengineering:ore_lead":2,"libvulpes:orerutile":3,"minecraft:chest":90,"minecraft:stone":754,"byg:emeraldite_ore":1,"immersiveengineering:steel_post":4,"minecraft:ancient_debris":1,"create:cogwheel":8,"byg:blue_nether_quartz_ore":1,"rftoolsbase:dimensionalshard_overworld":1,"minecraft:nether_quartz_ore":1,"byg:lignite_ore":1,"libvulpes:oretin":2,"minecraft:coal_ore":1,"immersiveengineering:connector_mv_relay":1,"immersiveengineering:windmill":1,"create:wrench":7,"byg:budding_ametrine_ore":1,"byg:brimstone_nether_gold_ore":1,"byg:ametrine_ore":1,"rftoolsbase:dimensionalshard_nether":1,"create:creative_motor":5,"create:zinc_ore":1,"immersiveengineering:transformer_hv":1,"byg:brimstone_nether_quartz_ore":1,"create:shaft":29,"constructionwand:diamond_wand":73,"immersiveengineering:item_batcher":1,"libvulpes:orealuminum":2,"minecraft:netherite_pickaxe":36,"immersiveengineering:wirecoil_electrum":4,"immersiveengineering:logic_unit":1,"create:belt_connector":14,"create:copper_ore":1,"minecraft:emerald_ore":1,"byg:anthracite_ore":1,"tconstruct:clear_glass":20,"minecraft:iron_ore":1,"immersiveengineering:capacitor_creative":1,"immersiveengineering:sorter":1,"minecraft:gold_ore":1,"create:mechanical_saw":13,"kubejs:craunium_ore":1,"minecraft:gilded_blackstone":1,"immersiveengineering:wirecoil_steel":16,"create:schematicannon":1,"phosphophyllite:phosphophyllite_ore":1,"minecraft:nether_gold_ore":1,"byg:pendorite_ore":1,"minecraft:diamond_pickaxe":11,"immersiveengineering:connector_hv_relay":8,"minecraft:lapis_ore":1,"immersiveengineering:ore_aluminum":2,"immersiveengineering:fluid_sorter":1,"immersiveengineering:connector_hv":1,"minecraft:diamond_ore":1,"immersiveengineering:wirecoil_copper":1,"byg:cryptic_redstone_ore":1,"libvulpes:oreiridium":4}},"DataVersion":2586}