{
  "group": "boss_tools",
  "type": "minecraft:crafting_shaped",
  "pattern": [
    "012",
    "345",
    "678"
  ],
  "key": {
    "0": {
      "tag": "forge:ingots/steel"
    },
    "1": {
      "item": "minecraft:iron_ingot"
    },
    "2": {
      "tag": "forge:ingots/steel"
    },
    "3": {
      "item": "refinedstorage:64k_fluid_storage_block"
    },
    "4": {
      "item": "create:furnace_engine"
    },
    "5": {
      "item": "refinedstorage:64k_fluid_storage_block"
    },
    "6": {
      "tag": "forge:ingots/steel"
    },
    "7": {
      "item": "create:redstone_contact"
    },
    "8": {
      "tag": "forge:ingots/steel"
    }
  },
  "result": {
    "item": "boss_tools:fuel_refinery",
    "count": 1
  }
}