{
  "immersiveengineering:recipes/immersiveengineering/crafting/empty_shell": {
    "criteria": {
      "has_coppper_ingot": "2022-05-02 12:34:47 +0200"
    },
    "done": true
  },
  "create:recipes/create.base/crafting/kinetics/attribute_filter": {
    "criteria": {
      "has_item": "2022-05-02 12:34:48 +0200"
    },
    "done": true
  },
  "immersiveengineering:recipes/immersiveengineering/crafting/alu_wallmount": {
    "criteria": {
      "has_aluminum_ingot": "2022-05-02 12:35:16 +0200"
    },
    "done": true
  },
  "tconstruct:recipes/tconstruct/tools/armor/building/plate_chestplate": {
    "criteria": {
      "has_item": "2022-05-02 12:35:22 +0200"
    },
    "done": true
  },
  "immersiveengineering:recipes/immersiveengineering/crafting/capacitor_lv": {
    "criteria": {
      "has_copper_ingot": "2022-05-02 12:34:47 +0200"
    },
    "done": true
  },
  "tconstruct:recipes/tconstruct/general/common/materials/pig_iron_block_from_ingots": {
    "criteria": {
      "has_item": "2022-05-02 12:35:17 +0200"
    },
    "done": true
  },
  "rftoolsstorage:recipes/rftoolsstorage/storage_control_module": {
    "criteria": {
      "ingot": "2022-05-02 12:34:40 +0200"
    },
    "done": true
  },
  "createdeco:recipes/createdeco.bricks/worn_brick_from_brick_blasting": {
    "criteria": {
      "has_brick": "2022-05-02 12:34:45 +0200"
    },
    "done": true
  },
  "tconstruct:recipes/tconstruct/general/common/materials/hepatizon_block_from_ingots": {
    "criteria": {
      "has_item": "2022-05-02 12:35:32 +0200"
    },
    "done": true
  },
  "immersiveengineering:recipes/immersiveengineering/crafting/storage_aluminum_to_ingot_aluminum": {
    "criteria": {
      "has_storage_aluminum": "2022-05-02 12:34:50 +0200"
    },
    "done": true
  },
  "tconstruct:recipes/tconstruct/general/common/materials/netherite_nugget_from_ingot": {
    "criteria": {
      "has_item": "2022-05-02 12:34:44 +0200"
    },
    "done": true
  },
  "immersiveengineering:recipes/immersiveengineering/crafting/plate_constantan_hammering": {
    "criteria": {
      "has_constantan_ingot": "2022-05-02 12:34:48 +0200"
    },
    "done": true
  },
  "minecraft:recipes/combat/iron_sword": {
    "criteria": {
      "has_iron_ingot": "2022-05-02 12:34:40 +0200"
    },
    "done": true
  },
  "rftoolsutility:recipes/rftoolsutility/fluid_module": {
    "criteria": {
      "ingot": "2022-05-02 12:34:40 +0200"
    },
    "done": true
  },
  "minecraft:recipes/building_blocks/stone_bricks": {
    "criteria": {
      "has_stone": "2022-05-02 12:33:03 +0200"
    },
    "done": true
  },
  "create:recipes/create.base/crafting/appliances/copper_backtank": {
    "criteria": {
      "has_item": "2022-05-02 12:34:47 +0200"
    },
    "done": true
  },
  "exnihilosequentia:recipes/exnihilosequentia/ens_barrel_stone": {
    "criteria": {
      "has_walls": "2022-05-02 12:33:03 +0200"
    },
    "done": true
  },
  "immersiveengineering:recipes/immersiveengineering/crafting/connector_mv": {
    "criteria": {
      "has_electrum_ingot": "2022-05-02 12:35:10 +0200"
    },
    "done": true
  },
  "immersiveengineering:recipes/immersiveengineering/crafting/plate_steel_hammering": {
    "criteria": {
      "has_steel_ingot": "2022-05-02 12:34:56 +0200"
    },
    "done": true
  },
  "immersiveengineering:recipes/immersiveengineering/crafting/sheetmetal_colored_light_gray": {
    "criteria": {
      "has_sheetmetal": "2022-05-02 12:38:13 +0200"
    },
    "done": true
  },
  "minecraft:recipes/tools/iron_pickaxe": {
    "criteria": {
      "has_iron_ingot": "2022-05-02 12:34:40 +0200"
    },
    "done": true
  },
  "createdeco:recipes/createdeco.metals/copper_door": {
    "criteria": {
      "has_item": "2022-05-02 12:34:47 +0200"
    },
    "done": true
  },
  "create:recipes/create.base/crafting/kinetics/brass_hand": {
    "criteria": {
      "has_item": "2022-05-02 12:34:48 +0200"
    },
    "done": true
  },
  "constructionwand:recipes/tools/iron_wand": {
    "criteria": {
      "has_item": "2022-05-02 12:34:40 +0200"
    },
    "done": true
  },
  "immersiveengineering:recipes/immersiveengineering/crafting/plate_lead_hammering": {
    "criteria": {
      "has_lead_ingot": "2022-05-02 12:35:12 +0200"
    },
    "done": true
  },
  "immersiveengineering:recipes/immersiveengineering/crafting/ingot_steel_from_dust": {
    "criteria": {
      "has_dust_steel": "2022-05-02 12:38:12 +0200"
    },
    "done": true
  },
  "immersiveengineering:recipes/immersiveengineering/crafting/ingot_lead_to_storage_lead": {
    "criteria": {
      "has_ingot_lead": "2022-05-02 12:34:50 +0200"
    },
    "done": true
  },
  "minecraft:recipes/tools/golden_hoe": {
    "criteria": {
      "has_gold_ingot": "2022-05-02 12:34:43 +0200"
    },
    "done": true
  },
  "alloyed:recipes/main_group/crafting/steel_door": {
    "criteria": {
      "has_ingredient": "2022-05-02 12:34:56 +0200"
    },
    "done": true
  },
  "minecraft:recipes/building_blocks/smooth_stone": {
    "criteria": {
      "has_stone": "2022-05-02 12:33:03 +0200"
    },
    "done": true
  },
  "tconstruct:recipes/tconstruct/smeltery/smeltery/scorched/duct": {
    "criteria": {
      "has_item": "2022-05-02 12:35:22 +0200"
    },
    "done": true
  },
  "storagedrawers:recipes/storagedrawers/jungle_drawers": {
    "criteria": {
      "has_chest": "2022-05-02 12:32:57 +0200"
    },
    "done": true
  },
  "immersiveengineering:recipes/immersiveengineering/crafting/sheetmetal_colored_light_blue": {
    "criteria": {
      "has_sheetmetal": "2022-05-02 12:38:13 +0200"
    },
    "done": true
  },
  "minecraft:recipes/misc/iron_nugget": {
    "criteria": {
      "has_iron_ingot": "2022-05-02 12:34:40 +0200"
    },
    "done": true
  },
  "immersiveengineering:recipes/immersiveengineering/crafting/stick_iron": {
    "criteria": {
      "has_iron_ingot": "2022-05-02 12:34:40 +0200"
    },
    "done": true
  },
  "minecraft:recipes/combat/golden_sword": {
    "criteria": {
      "has_gold_ingot": "2022-05-02 12:34:43 +0200"
    },
    "done": true
  },
  "minecraft:recipes/decorations/chest": {
    "criteria": {
      "has_lots_of_items": "2022-05-02 12:34:46 +0200"
    },
    "done": true
  },
  "minecraft:recipes/building_blocks/stone_slab_from_stone_stonecutting": {
    "criteria": {
      "has_stone": "2022-05-02 12:33:03 +0200"
    },
    "done": true
  },
  "minecraft:recipes/building_blocks/chiseled_stone_bricks_stone_from_stonecutting": {
    "criteria": {
      "has_stone": "2022-05-02 12:33:03 +0200"
    },
    "done": true
  },
  "create:recipes/create.base/crafting/kinetics/fluid_valve": {
    "criteria": {
      "has_item": "2022-05-02 12:34:47 +0200"
    },
    "done": true
  },
  "create:recipes/create.base/crafting/curiosities/peculiar_bell": {
    "criteria": {
      "has_item": "2022-05-02 12:34:48 +0200"
    },
    "done": true
  },
  "tconstruct:recipes/tconstruct/general/tables/tinkers_anvil": {
    "criteria": {
      "has_item": "2022-05-02 12:37:26 +0200"
    },
    "done": true
  },
  "rftoolsstorage:recipes/rftoolsstorage/dump_module": {
    "criteria": {
      "ingot": "2022-05-02 12:34:40 +0200"
    },
    "done": true
  },
  "immersiveengineering:recipes/immersiveengineering/crafting/ingot_copper_to_storage_copper": {
    "criteria": {
      "has_ingot_copper": "2022-05-02 12:34:50 +0200"
    },
    "done": true
  },
  "storagedrawers:recipes/storagedrawers/crimson_drawers": {
    "criteria": {
      "has_chest": "2022-05-02 12:32:57 +0200"
    },
    "done": true
  },
  "create:recipes/create.base/crafting/materials/brass_nugget_from_decompacting": {
    "criteria": {
      "has_item": "2022-05-02 12:34:48 +0200"
    },
    "done": true
  },
  "tconstruct:recipes/tconstruct/general/tables/scorched_forge": {
    "criteria": {
      "has_item": "2022-05-02 12:37:26 +0200"
    },
    "done": true
  },
  "minecraft:recipes/tools/shears": {
    "criteria": {
      "has_iron_ingot": "2022-05-02 12:34:40 +0200"
    },
    "done": true
  },
  "immersiveengineering:recipes/immersiveengineering/crafting/connector_lv": {
    "criteria": {
      "has_copper_ingot": "2022-05-02 12:34:47 +0200"
    },
    "done": true
  },
  "alloyed:recipes/main_group/crafting/steel_block": {
    "criteria": {
      "has_ingredient": "2022-05-02 12:34:56 +0200"
    },
    "done": true
  },
  "minecraft:recipes/building_blocks/stone_brick_slab_from_stone_stonecutting": {
    "criteria": {
      "has_stone": "2022-05-02 12:33:03 +0200"
    },
    "done": true
  },
  "immersiveengineering:recipes/immersiveengineering/crafting/steel_scaffolding_wooden_top_from_grate_top": {
    "criteria": {
      "has_steel_scaffolding_grate_top": "2022-05-02 14:49:38 +0200"
    },
    "done": true
  },
  "immersiveengineering:recipes/immersiveengineering/crafting/sheetmetal_colored_cyan": {
    "criteria": {
      "has_sheetmetal": "2022-05-02 12:38:13 +0200"
    },
    "done": true
  },
  "immersiveengineering:recipes/immersiveengineering/crafting/steel_scaffolding_standard_from_slab": {
    "criteria": {
      "has_steel_scaffolding_standard": "2022-05-02 14:49:39 +0200"
    },
    "done": true
  },
  "immersiveengineering:recipes/immersiveengineering/crafting/armor_steel_chest": {
    "criteria": {
      "has_steel_plate": "2022-05-02 12:37:43 +0200"
    },
    "done": true
  },
  "storagedrawers:recipes/storagedrawers/warped_drawers": {
    "criteria": {
      "has_chest": "2022-05-02 12:32:57 +0200"
    },
    "done": true
  },
  "immersivepetroleum:recipes/immersivepetroleum/projector": {
    "criteria": {
      "has_iron_ingot": "2022-05-02 12:34:40 +0200"
    },
    "done": true
  },
  "minecraft:recipes/tools/netherite_hoe_smithing": {
    "criteria": {
      "has_netherite_ingot": "2022-05-02 12:34:44 +0200"
    },
    "done": true
  },
  "minecraft:recipes/building_blocks/nether_bricks": {
    "criteria": {
      "has_netherbrick": "2022-05-02 12:34:45 +0200"
    },
    "done": true
  },
  "immersiveengineering:recipes/immersiveengineering/crafting/steel_slope": {
    "criteria": {
      "has_steel_scaffolding_standard": "2022-05-02 14:49:39 +0200"
    },
    "done": true
  },
  "createdeco:recipes/createdeco.metals/zinc_door": {
    "criteria": {
      "has_item": "2022-05-02 12:34:47 +0200"
    },
    "done": true
  },
  "minecraft:recipes/misc/gold_nugget": {
    "criteria": {
      "has_gold_ingot": "2022-05-02 12:34:43 +0200"
    },
    "done": true
  },
  "tconstruct:recipes/tconstruct/general/tables/tinkers_forge": {
    "criteria": {
      "has_item": "2022-05-02 12:37:26 +0200"
    },
    "done": true
  },
  "minecraft:recipes/combat/iron_leggings": {
    "criteria": {
      "has_iron_ingot": "2022-05-02 12:34:40 +0200"
    },
    "done": true
  },
  "immersiveengineering:main/make_steel": {
    "criteria": {
      "steel": "2022-05-02 12:35:11 +0200"
    },
    "done": true
  },
  "immersiveengineering:recipes/immersiveengineering/crafting/sword_steel": {
    "criteria": {
      "has_steel_ingot": "2022-05-02 12:34:56 +0200"
    },
    "done": true
  },
  "minecraft:recipes/combat/shield": {
    "criteria": {
      "has_iron_ingot": "2022-05-02 12:34:40 +0200"
    },
    "done": true
  },
  "create:recipes/create.base/crafting/materials/zinc_block_from_compacting": {
    "criteria": {
      "has_item": "2022-05-02 12:34:47 +0200"
    },
    "done": true
  },
  "immersiveengineering:recipes/immersiveengineering/crafting/voltmeter": {
    "criteria": {
      "has_copper_ingot": "2022-05-02 12:34:47 +0200"
    },
    "done": true
  },
  "minecraft:recipes/tools/netherite_pickaxe_smithing": {
    "criteria": {
      "has_netherite_ingot": "2022-05-02 12:34:44 +0200"
    },
    "done": true
  },
  "minecraft:recipes/misc/bucket": {
    "criteria": {
      "has_iron_ingot": "2022-05-02 12:34:40 +0200"
    },
    "done": true
  },
  "rftoolsutility:recipes/rftoolsutility/redstone_module": {
    "criteria": {
      "ingot": "2022-05-02 12:34:40 +0200"
    },
    "done": true
  },
  "create:brass": {
    "criteria": {
      "0": "2022-05-02 12:34:48 +0200"
    },
    "done": true
  },
  "minecraft:recipes/redstone/hopper": {
    "criteria": {
      "has_iron_ingot": "2022-05-02 12:34:40 +0200"
    },
    "done": true
  },
  "tconstruct:recipes/tconstruct/general/tables/scorched_anvil": {
    "criteria": {
      "has_item": "2022-05-02 12:37:26 +0200"
    },
    "done": true
  },
  "createdeco:recipes/createdeco.metals/brass_door": {
    "criteria": {
      "has_item": "2022-05-02 12:34:48 +0200"
    },
    "done": true
  },
  "immersiveengineering:recipes/immersiveengineering/crafting/capacitor_mv": {
    "criteria": {
      "has_electrum_ingot": "2022-05-02 12:35:10 +0200"
    },
    "done": true
  },
  "immersiveengineering:recipes/immersiveengineering/crafting/sheetmetal_colored_red": {
    "criteria": {
      "has_sheetmetal": "2022-05-02 12:38:13 +0200"
    },
    "done": true
  },
  "immersiveengineering:recipes/immersiveengineering/crafting/alu_fence": {
    "criteria": {
      "has_alu_ingot": "2022-05-02 12:35:16 +0200"
    },
    "done": true
  },
  "create:recipes/create.base/crafting/materials/brass_casing": {
    "criteria": {
      "has_item": "2022-05-02 12:34:48 +0200"
    },
    "done": true
  },
  "immersiveengineering:recipes/immersiveengineering/crafting/plate_nickel_hammering": {
    "criteria": {
      "has_nickel_ingot": "2022-05-02 12:35:13 +0200"
    },
    "done": true
  },
  "immersiveengineering:recipes/immersiveengineering/crafting/hoe_steel": {
    "criteria": {
      "has_steel_ingot": "2022-05-02 12:34:56 +0200"
    },
    "done": true
  },
  "immersiveengineering:recipes/immersiveengineering/crafting/drillhead_steel": {
    "criteria": {
      "has_steel_ingot": "2022-05-02 12:34:56 +0200"
    },
    "done": true
  },
  "alloyed:recipes/main_group/stonecutting/steel_sheet_slab_from_steel_sheet_metal": {
    "criteria": {
      "has_ingredient": "2022-05-02 12:38:03 +0200"
    },
    "done": true
  },
  "minecraft:recipes/combat/iron_helmet": {
    "criteria": {
      "has_iron_ingot": "2022-05-02 12:34:40 +0200"
    },
    "done": true
  },
  "minecraft:recipes/tools/golden_shovel": {
    "criteria": {
      "has_gold_ingot": "2022-05-02 12:34:43 +0200"
    },
    "done": true
  },
  "rftoolsutility:recipes/rftoolsutility/fluidplus_module": {
    "criteria": {
      "ingot": "2022-05-02 12:34:40 +0200"
    },
    "done": true
  },
  "rftoolsutility:recipes/rftoolsutility/clock_module": {
    "criteria": {
      "ingot": "2022-05-02 12:34:40 +0200"
    },
    "done": true
  },
  "minecraft:recipes/building_blocks/stone_stairs_from_stone_stonecutting": {
    "criteria": {
      "has_stone": "2022-05-02 12:33:03 +0200"
    },
    "done": true
  },
  "minecraft:recipes/decorations/iron_bars": {
    "criteria": {
      "has_iron_ingot": "2022-05-02 12:34:40 +0200"
    },
    "done": true
  },
  "immersiveengineering:recipes/immersiveengineering/crafting/hammer": {
    "criteria": {
      "has_iron_ingot": "2022-05-02 12:34:40 +0200"
    },
    "done": true
  },
  "immersiveengineering:recipes/immersiveengineering/crafting/coil_mv": {
    "criteria": {
      "has_iron_ingot": "2022-05-02 12:34:40 +0200"
    },
    "done": true
  },
  "minecraft:recipes/building_blocks/gold_block": {
    "criteria": {
      "has_gold_ingot": "2022-05-02 12:34:43 +0200"
    },
    "done": true
  },
  "rftoolsutility:recipes/rftoolsutility/inventory_module": {
    "criteria": {
      "ingot": "2022-05-02 12:34:40 +0200"
    },
    "done": true
  },
  "immersiveengineering:recipes/immersiveengineering/crafting/armor_steel_legs": {
    "criteria": {
      "has_steel_plate": "2022-05-02 12:37:43 +0200"
    },
    "done": true
  },
  "immersiveengineering:recipes/immersiveengineering/crafting/axe_steel": {
    "criteria": {
      "has_steel_ingot": "2022-05-02 12:34:56 +0200"
    },
    "done": true
  },
  "immersiveengineering:recipes/immersiveengineering/crafting/steel_scaffolding_grate_top_from_standard": {
    "criteria": {
      "has_steel_scaffolding_standard": "2022-05-02 14:49:39 +0200"
    },
    "done": true
  },
  "storagedrawers:recipes/storagedrawers/oak_drawers": {
    "criteria": {
      "has_chest": "2022-05-02 12:32:57 +0200"
    },
    "done": true
  },
  "minecraft:recipes/transportation/minecart": {
    "criteria": {
      "has_iron_ingot": "2022-05-02 12:34:40 +0200"
    },
    "done": true
  },
  "tconstruct:recipes/tconstruct/general/common/materials/tinkers_bronze_nugget_from_ingot": {
    "criteria": {
      "has_item": "2022-05-02 12:35:18 +0200"
    },
    "done": true
  },
  "immersiveengineering:recipes/immersiveengineering/crafting/sawblade": {
    "criteria": {
      "has_steel_ingot": "2022-05-02 12:34:56 +0200"
    },
    "done": true
  },
  "immersiveengineering:recipes/immersiveengineering/crafting/connector_mv_relay": {
    "criteria": {
      "has_electrum_ingot": "2022-05-02 12:35:10 +0200"
    },
    "done": true
  },
  "immersiveengineering:recipes/immersiveengineering/crafting/ingot_steel_to_storage_steel": {
    "criteria": {
      "has_ingot_steel": "2022-05-02 12:35:11 +0200"
    },
    "done": true
  },
  "alloyed:recipes/main_group/smithing/steel_hoe": {
    "criteria": {
      "has_ingredient": "2022-05-02 12:34:56 +0200"
    },
    "done": true
  },
  "minecraft:recipes/tools/iron_hoe": {
    "criteria": {
      "has_iron_ingot": "2022-05-02 12:34:40 +0200"
    },
    "done": true
  },
  "create:recipes/create.base/crafting/kinetics/mechanical_pump": {
    "criteria": {
      "has_item": "2022-05-02 12:34:47 +0200"
    },
    "done": true
  },
  "minecraft:recipes/building_blocks/netherite_block": {
    "criteria": {
      "has_netherite_ingot": "2022-05-02 12:34:44 +0200"
    },
    "done": true
  },
  "minecraft:recipes/food/golden_apple": {
    "criteria": {
      "has_gold_ingot": "2022-05-02 12:34:43 +0200"
    },
    "done": true
  },
  "immersiveengineering:recipes/immersiveengineering/crafting/coil_lv": {
    "criteria": {
      "has_iron_ingot": "2022-05-02 12:34:40 +0200"
    },
    "done": true
  },
  "immersiveengineering:recipes/immersiveengineering/crafting/wire_lead": {
    "criteria": {
      "has_lead_ingot": "2022-05-02 12:35:12 +0200"
    },
    "done": true
  },
  "minecraft:recipes/tools/iron_shovel": {
    "criteria": {
      "has_iron_ingot": "2022-05-02 12:34:40 +0200"
    },
    "done": true
  },
  "minecraft:recipes/redstone/iron_trapdoor": {
    "criteria": {
      "has_iron_ingot": "2022-05-02 12:34:40 +0200"
    },
    "done": true
  },
  "create:recipes/create.base/crafting/materials/copper_block_from_compacting": {
    "criteria": {
      "has_item": "2022-05-02 12:34:47 +0200"
    },
    "done": true
  },
  "tconstruct:recipes/tconstruct/tools/armor/building/plate_boots": {
    "criteria": {
      "has_item": "2022-05-02 12:35:22 +0200"
    },
    "done": true
  },
  "tconstruct:recipes/tconstruct/tools/armor/building/plate_helmet": {
    "criteria": {
      "has_item": "2022-05-02 12:35:22 +0200"
    },
    "done": true
  },
  "create:recipes/create.base/crafting/materials/zinc_nugget_from_decompacting": {
    "criteria": {
      "has_item": "2022-05-02 12:34:47 +0200"
    },
    "done": true
  },
  "immersiveengineering:recipes/immersiveengineering/crafting/toolbox": {
    "criteria": {
      "has_iron_ingot": "2022-05-02 12:34:40 +0200"
    },
    "done": true
  },
  "storagedrawers:recipes/storagedrawers/dark_oak_drawers": {
    "criteria": {
      "has_chest": "2022-05-02 12:32:57 +0200"
    },
    "done": true
  },
  "alloyed:recipes/main_group/smithing/steel_shovel": {
    "criteria": {
      "has_ingredient": "2022-05-02 12:34:56 +0200"
    },
    "done": true
  },
  "immersiveengineering:recipes/immersiveengineering/crafting/connector_hv": {
    "criteria": {
      "has_aluminum_ingot": "2022-05-02 12:34:40 +0200"
    },
    "done": true
  },
  "immersiveengineering:recipes/immersiveengineering/crafting/component_iron": {
    "criteria": {
      "has_iron_ingot": "2022-05-02 12:34:40 +0200"
    },
    "done": true
  },
  "immersiveengineering:recipes/immersiveengineering/crafting/plate_iron_hammering": {
    "criteria": {
      "has_iron_ingot": "2022-05-02 12:34:40 +0200"
    },
    "done": true
  },
  "rftoolsutility:recipes/rftoolsutility/text_module": {
    "criteria": {
      "ingot": "2022-05-02 12:34:40 +0200"
    },
    "done": true
  },
  "tconstruct:recipes/tconstruct/general/common/materials/rose_gold_block_from_ingots": {
    "criteria": {
      "has_item": "2022-05-02 12:35:18 +0200"
    },
    "done": true
  },
  "alloyed:recipes/main_group/crafting/steel_ingot_from_decompacting": {
    "criteria": {
      "has_ingredient": "2022-05-02 12:37:26 +0200"
    },
    "done": true
  },
  "immersiveengineering:recipes/immersiveengineering/crafting/plate_silver_hammering": {
    "criteria": {
      "has_silver_ingot": "2022-05-02 12:35:14 +0200"
    },
    "done": true
  },
  "minecraft:recipes/building_blocks/stone_brick_stairs_from_stone_stonecutting": {
    "criteria": {
      "has_stone": "2022-05-02 12:33:03 +0200"
    },
    "done": true
  },
  "tconstruct:recipes/tconstruct/tools/armor/building/travelers_pants": {
    "criteria": {
      "has_item": "2022-05-02 12:34:47 +0200"
    },
    "done": true
  },
  "alloyed:recipes/main_group/crafting/steel_sheet_stairs": {
    "criteria": {
      "has_ingredient": "2022-05-02 12:38:03 +0200"
    },
    "done": true
  },
  "tconstruct:recipes/tconstruct/tools/armor/building/travelers_goggles": {
    "criteria": {
      "has_item": "2022-05-02 12:34:47 +0200"
    },
    "done": true
  },
  "immersiveengineering:recipes/immersiveengineering/crafting/heavy_engineering": {
    "criteria": {
      "has_electrum_ingot": "2022-05-02 12:35:10 +0200"
    },
    "done": true
  },
  "immersiveengineering:recipes/immersiveengineering/crafting/generator": {
    "criteria": {
      "has_electrum_ingot": "2022-05-02 12:35:10 +0200"
    },
    "done": true
  },
  "createdeco:recipes/createdeco.metals/netherite_bars": {
    "criteria": {
      "has_item": "2022-05-02 12:34:44 +0200"
    },
    "done": true
  },
  "immersiveengineering:recipes/immersiveengineering/crafting/steel_scaffolding_standard_to_slab": {
    "criteria": {
      "has_steel_scaffolding_standard": "2022-05-02 14:49:39 +0200"
    },
    "done": true
  },
  "minecraft:recipes/building_blocks/ens_ancient_debris": {
    "criteria": {
      "has_scrap": "2022-05-02 12:34:44 +0200"
    },
    "done": true
  },
  "create:recipes/create.base/crafting/materials/andesite_alloy_from_zinc": {
    "criteria": {
      "has_item": "2022-05-02 12:34:47 +0200"
    },
    "done": true
  },
  "immersiveengineering:recipes/immersiveengineering/crafting/sheetmetal_colored_yellow": {
    "criteria": {
      "has_sheetmetal": "2022-05-02 12:38:13 +0200"
    },
    "done": true
  },
  "immersiveengineering:recipes/immersiveengineering/crafting/wirecutter": {
    "criteria": {
      "has_iron_ingot": "2022-05-02 12:34:40 +0200"
    },
    "done": true
  },
  "immersiveengineering:recipes/immersiveengineering/crafting/plate_electrum_hammering": {
    "criteria": {
      "has_electrum_ingot": "2022-05-02 12:35:10 +0200"
    },
    "done": true
  },
  "create:root": {
    "criteria": {
      "0": "2022-05-02 12:32:57 +0200"
    },
    "done": true
  },
  "minecraft:recipes/decorations/chain": {
    "criteria": {
      "has_iron_ingot": "2022-05-02 12:34:40 +0200"
    },
    "done": true
  },
  "immersiveengineering:recipes/immersiveengineering/crafting/screwdriver": {
    "criteria": {
      "has_iron_ingot": "2022-05-02 12:34:40 +0200"
    },
    "done": true
  },
  "tconstruct:recipes/tconstruct/general/common/materials/pig_iron_nugget_from_ingot": {
    "criteria": {
      "has_item": "2022-05-02 12:35:17 +0200"
    },
    "done": true
  },
  "minecraft:recipes/combat/netherite_boots_smithing": {
    "criteria": {
      "has_netherite_ingot": "2022-05-02 12:34:44 +0200"
    },
    "done": true
  },
  "exnihilosequentia:recipes/exnihilosequentia/ens_hammer_iron": {
    "criteria": {
      "has_material": "2022-05-02 12:34:40 +0200"
    },
    "done": true
  },
  "immersiveengineering:recipes/immersiveengineering/crafting/storage_copper_to_ingot_copper": {
    "criteria": {
      "has_storage_copper": "2022-05-02 12:34:50 +0200"
    },
    "done": true
  },
  "alloyed:recipes/main_group/smithing/steel_pickaxe": {
    "criteria": {
      "has_ingredient": "2022-05-02 12:34:56 +0200"
    },
    "done": true
  },
  "immersiveengineering:recipes/immersiveengineering/crafting/connector_hv_relay": {
    "criteria": {
      "has_aluminum_ingot": "2022-05-02 12:34:40 +0200"
    },
    "done": true
  },
  "immersiveengineering:recipes/immersiveengineering/crafting/ingot_constantan_to_storage_constantan": {
    "criteria": {
      "has_ingot_constantan": "2022-05-02 12:34:48 +0200"
    },
    "done": true
  },
  "create:recipes/create.base/crafting/logistics/brass_funnel": {
    "criteria": {
      "has_item": "2022-05-02 12:34:48 +0200"
    },
    "done": true
  },
  "immersiveengineering:recipes/immersiveengineering/crafting/sheetmetal_colored_blue": {
    "criteria": {
      "has_sheetmetal": "2022-05-02 12:38:13 +0200"
    },
    "done": true
  },
  "alloyed:recipes/main_group/smithing/steel_fishing_rod": {
    "criteria": {
      "has_ingredient": "2022-05-02 12:34:56 +0200"
    },
    "done": true
  },
  "immersiveengineering:recipes/immersiveengineering/crafting/sheetmetal_colored_gray": {
    "criteria": {
      "has_sheetmetal": "2022-05-02 12:38:13 +0200"
    },
    "done": true
  },
  "minecraft:recipes/combat/golden_boots": {
    "criteria": {
      "has_gold_ingot": "2022-05-02 12:34:43 +0200"
    },
    "done": true
  },
  "immersiveengineering:recipes/immersiveengineering/crafting/storage_steel_to_slab": {
    "criteria": {
      "has_storage_steel": "2022-05-02 12:38:13 +0200"
    },
    "done": true
  },
  "immersiveengineering:recipes/immersiveengineering/crafting/wire_electrum": {
    "criteria": {
      "has_electrum_ingot": "2022-05-02 12:35:10 +0200"
    },
    "done": true
  },
  "exnihilosequentia:recipes/exnihilosequentia/ens_hammer_gold": {
    "criteria": {
      "has_material": "2022-05-02 12:34:43 +0200"
    },
    "done": true
  },
  "immersiveengineering:recipes/immersiveengineering/crafting/sheetmetal_colored_purple": {
    "criteria": {
      "has_sheetmetal": "2022-05-02 12:38:13 +0200"
    },
    "done": true
  },
  "immersiveengineering:recipes/immersiveengineering/crafting/steel_wallmount": {
    "criteria": {
      "has_steel_ingot": "2022-05-02 12:34:56 +0200"
    },
    "done": true
  },
  "tconstruct:recipes/tconstruct/general/common/materials/copper_block_from_ingots": {
    "criteria": {
      "has_item": "2022-05-02 12:35:19 +0200"
    },
    "done": true
  },
  "immersiveengineering:recipes/immersiveengineering/crafting/radiator": {
    "criteria": {
      "has_copper_ingot": "2022-05-02 12:34:47 +0200"
    },
    "done": true
  },
  "immersiveengineering:recipes/immersiveengineering/crafting/pickaxe_steel": {
    "criteria": {
      "has_steel_ingot": "2022-05-02 12:34:56 +0200"
    },
    "done": true
  },
  "create:recipes/create.base/crafting/materials/brass_block_from_compacting": {
    "criteria": {
      "has_item": "2022-05-02 12:34:48 +0200"
    },
    "done": true
  },
  "minecraft:recipes/building_blocks/stone_bricks_from_stone_stonecutting": {
    "criteria": {
      "has_stone": "2022-05-02 12:33:03 +0200"
    },
    "done": true
  },
  "createdeco:recipes/createdeco.metals/copper_bars": {
    "criteria": {
      "has_item": "2022-05-02 12:34:47 +0200"
    },
    "done": true
  },
  "alloyed:bronze_ingot": {
    "criteria": {
      "has_bronze_ingot": "2022-05-02 12:34:48 +0200"
    },
    "done": true
  },
  "minecraft:recipes/combat/golden_chestplate": {
    "criteria": {
      "has_gold_ingot": "2022-05-02 12:34:43 +0200"
    },
    "done": true
  },
  "immersiveengineering:recipes/immersiveengineering/crafting/ingot_uranium_to_storage_uranium": {
    "criteria": {
      "has_ingot_uranium": "2022-05-02 12:34:49 +0200"
    },
    "done": true
  },
  "tconstruct:recipes/tconstruct/general/common/materials/cobalt_nugget_from_ingot": {
    "criteria": {
      "has_item": "2022-05-02 12:35:19 +0200"
    },
    "done": true
  },
  "minecraft:recipes/tools/netherite_shovel_smithing": {
    "criteria": {
      "has_netherite_ingot": "2022-05-02 12:34:44 +0200"
    },
    "done": true
  },
  "immersiveengineering:recipes/immersiveengineering/crafting/rs_engineering": {
    "criteria": {
      "has_copper_ingot": "2022-05-02 12:34:47 +0200"
    },
    "done": true
  },
  "immersiveengineering:recipes/immersiveengineering/crafting/storage_steel_to_ingot_steel": {
    "criteria": {
      "has_storage_steel": "2022-05-02 12:35:11 +0200"
    },
    "done": true
  },
  "createdeco:recipes/createdeco.metals/brass_bars": {
    "criteria": {
      "has_item": "2022-05-02 12:34:48 +0200"
    },
    "done": true
  },
  "immersiveengineering:recipes/immersiveengineering/crafting/armor_steel_feet": {
    "criteria": {
      "has_steel_plate": "2022-05-02 12:37:43 +0200"
    },
    "done": true
  },
  "immersiveengineering:recipes/immersiveengineering/crafting/nugget_steel_to_ingot_steel": {
    "criteria": {
      "has_nugget_steel": "2022-05-02 12:38:14 +0200"
    },
    "done": true
  },
  "rftoolsutility:recipes/rftoolsutility/button_module": {
    "criteria": {
      "ingot": "2022-05-02 12:34:40 +0200"
    },
    "done": true
  },
  "tconstruct:recipes/tconstruct/general/common/materials/tinkers_bronze_block_from_ingots": {
    "criteria": {
      "has_item": "2022-05-02 12:35:18 +0200"
    },
    "done": true
  },
  "createdeco:recipes/createdeco.metals/gold_bars": {
    "criteria": {
      "has_item": "2022-05-02 12:34:43 +0200"
    },
    "done": true
  },
  "minecraft:recipes/building_blocks/bricks": {
    "criteria": {
      "has_brick": "2022-05-02 12:34:45 +0200"
    },
    "done": true
  },
  "immersiveengineering:recipes/immersiveengineering/crafting/plate_copper_hammering": {
    "criteria": {
      "has_copper_ingot": "2022-05-02 12:34:47 +0200"
    },
    "done": true
  },
  "immersiveengineering:recipes/immersiveengineering/crafting/sheetmetal_colored_black": {
    "criteria": {
      "has_sheetmetal": "2022-05-02 12:38:13 +0200"
    },
    "done": true
  },
  "minecraft:recipes/combat/netherite_leggings_smithing": {
    "criteria": {
      "has_netherite_ingot": "2022-05-02 12:34:44 +0200"
    },
    "done": true
  },
  "tconstruct:recipes/tconstruct/general/common/materials/manyullyn_nugget_from_ingot": {
    "criteria": {
      "has_item": "2022-05-02 12:35:16 +0200"
    },
    "done": true
  },
  "immersiveengineering:recipes/immersiveengineering/crafting/coil_hv": {
    "criteria": {
      "has_steel_ingot": "2022-05-02 12:34:56 +0200"
    },
    "done": true
  },
  "immersiveengineering:recipes/immersiveengineering/crafting/wirecoil_electrum": {
    "criteria": {
      "has_electrum_ingot": "2022-05-02 12:35:10 +0200"
    },
    "done": true
  },
  "minecraft:recipes/building_blocks/iron_block": {
    "criteria": {
      "has_iron_ingot": "2022-05-02 12:34:40 +0200"
    },
    "done": true
  },
  "create:recipes/create.base/crafting/kinetics/copper_valve_handle_from_others": {
    "criteria": {
      "has_item": "2022-05-02 12:34:47 +0200"
    },
    "done": true
  },
  "immersiveengineering:recipes/immersiveengineering/crafting/speedloader": {
    "criteria": {
      "has_steel_ingot": "2022-05-02 12:34:56 +0200"
    },
    "done": true
  },
  "immersiveengineering:recipes/immersiveengineering/crafting/sheetmetal_steel": {
    "criteria": {
      "has_plate_steel": "2022-05-02 12:38:12 +0200"
    },
    "done": true
  },
  "minecraft:recipes/combat/netherite_chestplate_smithing": {
    "criteria": {
      "has_netherite_ingot": "2022-05-02 12:34:44 +0200"
    },
    "done": true
  },
  "minecraft:recipes/building_blocks/stone_slab": {
    "criteria": {
      "has_stone": "2022-05-02 12:33:03 +0200"
    },
    "done": true
  },
  "tconstruct:recipes/tconstruct/smeltery/smeltery/copper_can": {
    "criteria": {
      "has_item": "2022-05-02 12:34:47 +0200"
    },
    "done": true
  },
  "immersiveengineering:recipes/immersiveengineering/crafting/ingot_steel_from_dust_from_blasting": {
    "criteria": {
      "has_dust_steel": "2022-05-02 12:38:12 +0200"
    },
    "done": true
  },
  "minecraft:recipes/redstone/light_weighted_pressure_plate": {
    "criteria": {
      "has_gold_ingot": "2022-05-02 12:34:43 +0200"
    },
    "done": true
  },
  "storagedrawers:recipes/storagedrawers/spruce_drawers": {
    "criteria": {
      "has_chest": "2022-05-02 12:32:57 +0200"
    },
    "done": true
  },
  "create:recipes/create.base/crafting/materials/andesite_alloy": {
    "criteria": {
      "has_item": "2022-05-02 12:34:40 +0200"
    },
    "done": true
  },
  "immersiveengineering:recipes/immersiveengineering/crafting/sheetmetal_steel_to_slab": {
    "criteria": {
      "has_sheetmetal_steel": "2022-05-02 12:38:13 +0200"
    },
    "done": true
  },
  "rechiseled:recipes/rechiseled/chisel": {
    "criteria": {
      "has_iron": "2022-05-02 12:34:40 +0200"
    },
    "done": true
  },
  "immersiveengineering:recipes/immersiveengineering/crafting/storage_electrum_to_ingot_electrum": {
    "criteria": {
      "has_storage_electrum": "2022-05-02 12:35:10 +0200"
    },
    "done": true
  },
  "alloyed:recipes/main_group/smithing/steel_sword": {
    "criteria": {
      "has_ingredient": "2022-05-02 12:34:56 +0200"
    },
    "done": true
  },
  "create:recipes/misc/blasting/iron_ingot_from_crushed": {
    "criteria": {
      "has_item": "2022-05-02 12:40:15 +0200"
    },
    "done": true
  },
  "minecraft:recipes/tools/netherite_axe_smithing": {
    "criteria": {
      "has_netherite_ingot": "2022-05-02 12:34:44 +0200"
    },
    "done": true
  },
  "immersiveengineering:recipes/immersiveengineering/crafting/ingot_aluminum_to_storage_aluminum": {
    "criteria": {
      "has_ingot_aluminum": "2022-05-02 12:34:50 +0200"
    },
    "done": true
  },
  "immersiveengineering:recipes/immersiveengineering/crafting/wirecoil_steel": {
    "criteria": {
      "has_steel_ingot": "2022-05-02 12:34:56 +0200"
    },
    "done": true
  },
  "immersiveengineering:recipes/immersiveengineering/crafting/storage_nickel_to_ingot_nickel": {
    "criteria": {
      "has_storage_nickel": "2022-05-02 12:34:49 +0200"
    },
    "done": true
  },
  "tconstruct:recipes/tconstruct/general/common/materials/queens_slime_nugget_from_ingot": {
    "criteria": {
      "has_item": "2022-05-02 12:35:17 +0200"
    },
    "done": true
  },
  "alloyed:recipes/main_group/crafting/bronze_bell": {
    "criteria": {
      "has_bronze_ingot": "2022-05-02 12:34:48 +0200"
    },
    "done": true
  },
  "minecraft:recipes/tools/golden_axe": {
    "criteria": {
      "has_gold_ingot": "2022-05-02 12:34:43 +0200"
    },
    "done": true
  },
  "create:recipes/create.base/crafting/logistics/redstone_link": {
    "criteria": {
      "has_item": "2022-05-02 12:34:48 +0200"
    },
    "done": true
  },
  "alloyed:recipes/main_group/crafting/steel_bars": {
    "criteria": {
      "has_ingredient": "2022-05-02 12:34:56 +0200"
    },
    "done": true
  },
  "immersiveengineering:recipes/immersiveengineering/crafting/wire_steel": {
    "criteria": {
      "has_steel_ingot": "2022-05-02 12:34:56 +0200"
    },
    "done": true
  },
  "immersiveengineering:recipes/immersiveengineering/crafting/alu_scaffolding_standard": {
    "criteria": {
      "has_alu_ingot": "2022-05-02 12:35:16 +0200"
    },
    "done": true
  },
  "immersiveengineering:recipes/immersiveengineering/crafting/gunpart_hammer": {
    "criteria": {
      "has_ingot_steel": "2022-05-02 12:34:56 +0200"
    },
    "done": true
  },
  "minecraft:recipes/tools/iron_axe": {
    "criteria": {
      "has_iron_ingot": "2022-05-02 12:34:40 +0200"
    },
    "done": true
  },
  "immersiveengineering:recipes/immersiveengineering/crafting/wire_copper": {
    "criteria": {
      "has_copper_ingot": "2022-05-02 12:34:47 +0200"
    },
    "done": true
  },
  "immersiveengineering:recipes/immersiveengineering/crafting/steel_scaffolding_grate_top_to_slab": {
    "criteria": {
      "has_steel_scaffolding_grate_top": "2022-05-02 14:49:38 +0200"
    },
    "done": true
  },
  "tconstruct:recipes/tconstruct/general/common/materials/manyullyn_block_from_ingots": {
    "criteria": {
      "has_item": "2022-05-02 12:35:16 +0200"
    },
    "done": true
  },
  "tconstruct:recipes/tconstruct/general/common/materials/cobalt_block_from_ingots": {
    "criteria": {
      "has_item": "2022-05-02 12:35:19 +0200"
    },
    "done": true
  },
  "alloyed:recipes/main_group/stonecutting/steel_sheet_stairs_from_steel_sheet_metal": {
    "criteria": {
      "has_ingredient": "2022-05-02 12:38:03 +0200"
    },
    "done": true
  },
  "minecraft:recipes/combat/golden_helmet": {
    "criteria": {
      "has_gold_ingot": "2022-05-02 12:34:43 +0200"
    },
    "done": true
  },
  "immersiveengineering:recipes/immersiveengineering/crafting/rockcutter": {
    "criteria": {
      "has_steel_ingot": "2022-05-02 12:34:56 +0200"
    },
    "done": true
  },
  "exnihilosequentia:recipes/exnihilosequentia/ens_hammer_netherite": {
    "criteria": {
      "has_material": "2022-05-02 12:34:44 +0200"
    },
    "done": true
  },
  "tconstruct:recipes/tconstruct/tools/armor/building/plate_leggings": {
    "criteria": {
      "has_item": "2022-05-02 12:35:22 +0200"
    },
    "done": true
  },
  "storagedrawers:recipes/storagedrawers/birch_drawers": {
    "criteria": {
      "has_chest": "2022-05-02 12:32:57 +0200"
    },
    "done": true
  },
  "minecraft:recipes/combat/iron_boots": {
    "criteria": {
      "has_iron_ingot": "2022-05-02 12:34:40 +0200"
    },
    "done": true
  },
  "create:recipes/create.base/crafting/logistics/brass_tunnel": {
    "criteria": {
      "has_item": "2022-05-02 12:34:48 +0200"
    },
    "done": true
  },
  "immersiveengineering:recipes/immersiveengineering/crafting/sheetmetal_colored_orange": {
    "criteria": {
      "has_sheetmetal": "2022-05-02 12:38:13 +0200"
    },
    "done": true
  },
  "tconstruct:recipes/tconstruct/tools/armor/building/travelers_chestplate": {
    "criteria": {
      "has_item": "2022-05-02 12:34:47 +0200"
    },
    "done": true
  },
  "immersiveengineering:recipes/immersiveengineering/crafting/connector_structural": {
    "criteria": {
      "has_steel_ingot": "2022-05-02 12:34:56 +0200"
    },
    "done": true
  },
  "alloyed:recipes/main_group/crafting/bronze_block": {
    "criteria": {
      "has_ingredient": "2022-05-02 12:34:48 +0200"
    },
    "done": true
  },
  "immersiveengineering:recipes/immersiveengineering/crafting/wirecoil_copper": {
    "criteria": {
      "has_copper_ingot": "2022-05-02 12:34:47 +0200"
    },
    "done": true
  },
  "immersiveengineering:recipes/immersiveengineering/crafting/armor_steel_head": {
    "criteria": {
      "has_steel_plate": "2022-05-02 12:37:43 +0200"
    },
    "done": true
  },
  "minecraft:recipes/redstone/stone_button": {
    "criteria": {
      "has_stone": "2022-05-02 12:33:03 +0200"
    },
    "done": true
  },
  "minecraft:recipes/combat/crossbow": {
    "criteria": {
      "has_iron_ingot": "2022-05-02 12:34:40 +0200"
    },
    "done": true
  },
  "minecraft:recipes/combat/iron_chestplate": {
    "criteria": {
      "has_iron_ingot": "2022-05-02 12:34:40 +0200"
    },
    "done": true
  },
  "createdeco:recipes/createdeco.metals/netherite_nugget_from_netherite_ingot": {
    "criteria": {
      "has_netherite_ingot": "2022-05-02 12:34:44 +0200"
    },
    "done": true
  },
  "create:recipes/create.base/crafting/kinetics/copper_valve_handle": {
    "criteria": {
      "has_item": "2022-05-02 12:34:47 +0200"
    },
    "done": true
  },
  "exnihilosequentia:recipes/exnihilosequentia/ens_mesh_netherite": {
    "criteria": {
      "has_material": "2022-05-02 12:34:44 +0200"
    },
    "done": true
  },
  "minecraft:recipes/decorations/lodestone": {
    "criteria": {
      "has_netherite_ingot": "2022-05-02 12:34:44 +0200"
    },
    "done": true
  },
  "immersiveengineering:recipes/immersiveengineering/crafting/sheetmetal_colored_lime": {
    "criteria": {
      "has_sheetmetal": "2022-05-02 12:38:13 +0200"
    },
    "done": true
  },
  "immersiveengineering:recipes/immersiveengineering/crafting/steel_fence": {
    "criteria": {
      "has_steel_ingot": "2022-05-02 12:34:56 +0200"
    },
    "done": true
  },
  "immersiveengineering:recipes/immersiveengineering/crafting/sheetmetal_steel_from_slab": {
    "criteria": {
      "has_sheetmetal_steel": "2022-05-02 12:38:13 +0200"
    },
    "done": true
  },
  "tconstruct:recipes/tconstruct/general/common/materials/rose_gold_nugget_from_ingot": {
    "criteria": {
      "has_item": "2022-05-02 12:35:18 +0200"
    },
    "done": true
  },
  "create:recipes/create.base/crafting/kinetics/empty_blaze_burner": {
    "criteria": {
      "has_item": "2022-05-02 12:34:40 +0200"
    },
    "done": true
  },
  "createdeco:recipes/createdeco.metals/zinc_bars": {
    "criteria": {
      "has_item": "2022-05-02 12:34:47 +0200"
    },
    "done": true
  },
  "immersiveengineering:recipes/immersiveengineering/crafting/ingot_nickel_to_storage_nickel": {
    "criteria": {
      "has_ingot_nickel": "2022-05-02 12:34:49 +0200"
    },
    "done": true
  },
  "immersiveengineering:recipes/immersiveengineering/crafting/stick_steel": {
    "criteria": {
      "has_steel_ingot": "2022-05-02 12:34:56 +0200"
    },
    "done": true
  },
  "immersiveengineering:recipes/immersiveengineering/crafting/plate_aluminum_hammering": {
    "criteria": {
      "has_aluminum_ingot": "2022-05-02 12:35:16 +0200"
    },
    "done": true
  },
  "alloyed:recipes/main_group/smithing/steel_shears": {
    "criteria": {
      "has_ingredient": "2022-05-02 12:34:56 +0200"
    },
    "done": true
  },
  "immersiveengineering:recipes/immersiveengineering/crafting/shovel_steel": {
    "criteria": {
      "has_steel_ingot": "2022-05-02 12:34:56 +0200"
    },
    "done": true
  },
  "rftoolsutility:recipes/rftoolsutility/machineinformation_module": {
    "criteria": {
      "ingot": "2022-05-02 12:34:40 +0200"
    },
    "done": true
  },
  "minecraft:recipes/tools/golden_pickaxe": {
    "criteria": {
      "has_gold_ingot": "2022-05-02 12:34:43 +0200"
    },
    "done": true
  },
  "immersiveengineering:recipes/immersiveengineering/crafting/storage_lead_to_ingot_lead": {
    "criteria": {
      "has_storage_lead": "2022-05-02 12:34:50 +0200"
    },
    "done": true
  },
  "immersiveengineering:recipes/immersiveengineering/crafting/plate_gold_hammering": {
    "criteria": {
      "has_gold_ingot": "2022-05-02 12:34:43 +0200"
    },
    "done": true
  },
  "alloyed:recipes/main_group/stonecutting/steel_sheet_metal_from_steel_block": {
    "criteria": {
      "has_ingredient": "2022-05-02 12:37:26 +0200"
    },
    "done": true
  },
  "alloyed:recipes/main_group/smithing/steel_axe": {
    "criteria": {
      "has_ingredient": "2022-05-02 12:34:56 +0200"
    },
    "done": true
  },
  "tconstruct:recipes/tconstruct/general/common/materials/copper_nugget_from_ingot": {
    "criteria": {
      "has_item": "2022-05-02 12:35:19 +0200"
    },
    "done": true
  },
  "immersiveengineering:recipes/immersiveengineering/crafting/storage_uranium_to_ingot_uranium": {
    "criteria": {
      "has_storage_uranium": "2022-05-02 12:34:49 +0200"
    },
    "done": true
  },
  "immersiveengineering:recipes/immersiveengineering/crafting/gunpart_drum": {
    "criteria": {
      "has_ingot_steel": "2022-05-02 12:34:56 +0200"
    },
    "done": true
  },
  "immersiveengineering:recipes/immersiveengineering/crafting/sheetmetal_colored_magenta": {
    "criteria": {
      "has_sheetmetal": "2022-05-02 12:38:13 +0200"
    },
    "done": true
  },
  "create:recipes/create.base/crafting/appliances/diving_helmet": {
    "criteria": {
      "has_item": "2022-05-02 12:34:47 +0200"
    },
    "done": true
  },
  "minecraft:recipes/decorations/stonecutter": {
    "criteria": {
      "has_stone": "2022-05-02 12:33:03 +0200"
    },
    "done": true
  },
  "rftoolsutility:recipes/rftoolsutility/inventoryplus_module": {
    "criteria": {
      "ingot": "2022-05-02 12:34:40 +0200"
    },
    "done": true
  },
  "create:recipes/create.base/crafting/materials/copper_casing": {
    "criteria": {
      "has_item": "2022-05-02 12:34:47 +0200"
    },
    "done": true
  },
  "storagedrawers:recipes/storagedrawers/acacia_drawers": {
    "criteria": {
      "has_chest": "2022-05-02 12:32:57 +0200"
    },
    "done": true
  },
  "minecraft:recipes/redstone/iron_door": {
    "criteria": {
      "has_iron_ingot": "2022-05-02 12:34:40 +0200"
    },
    "done": true
  },
  "immersiveengineering:recipes/immersiveengineering/crafting/capacitor_hv": {
    "criteria": {
      "has_steel_ingot": "2022-05-02 12:34:56 +0200"
    },
    "done": true
  },
  "simplemagnets:recipes/search/basic_magnet": {
    "criteria": {
      "iron": "2022-05-02 12:34:40 +0200"
    },
    "done": true
  },
  "immersiveengineering:recipes/immersiveengineering/crafting/stick_aluminum": {
    "criteria": {
      "has_alu_ingot": "2022-05-02 12:35:16 +0200"
    },
    "done": true
  },
  "tconstruct:recipes/tconstruct/smeltery/smeltery/seared/duct": {
    "criteria": {
      "has_item": "2022-05-02 12:35:22 +0200"
    },
    "done": true
  },
  "immersiveengineering:recipes/immersiveengineering/crafting/steel_scaffolding_grate_top_from_slab": {
    "criteria": {
      "has_steel_scaffolding_grate_top": "2022-05-02 14:49:38 +0200"
    },
    "done": true
  },
  "rftoolsbuilder:recipes/rftoolsbuilder/shape_card_def": {
    "criteria": {
      "iron_ingot": "2022-05-02 12:34:40 +0200"
    },
    "done": true
  },
  "immersiveengineering:recipes/immersiveengineering/crafting/ingot_electrum_to_storage_electrum": {
    "criteria": {
      "has_ingot_electrum": "2022-05-02 12:35:10 +0200"
    },
    "done": true
  },
  "simplemagnets:recipes/search/basic_demagnetization_coil": {
    "criteria": {
      "iron": "2022-05-02 12:34:40 +0200"
    },
    "done": true
  },
  "create:recipes/create.base/crafting/appliances/diving_boots": {
    "criteria": {
      "has_item": "2022-05-02 12:34:47 +0200"
    },
    "done": true
  },
  "immersiveengineering:recipes/immersiveengineering/crafting/storage_constantan_to_ingot_constantan": {
    "criteria": {
      "has_storage_constantan": "2022-05-02 12:34:48 +0200"
    },
    "done": true
  },
  "minecraft:recipes/decorations/smithing_table": {
    "criteria": {
      "has_iron_ingot": "2022-05-02 12:34:40 +0200"
    },
    "done": true
  },
  "tconstruct:recipes/tconstruct/general/tools/modifiers/silky_cloth": {
    "criteria": {
      "has_item": "2022-05-02 12:34:43 +0200"
    },
    "done": true
  },
  "immersiveengineering:recipes/immersiveengineering/crafting/alloybrick": {
    "criteria": {
      "has_brick": "2022-05-02 12:34:45 +0200"
    },
    "done": true
  },
  "minecraft:recipes/redstone/stone_pressure_plate": {
    "criteria": {
      "has_stone": "2022-05-02 12:33:03 +0200"
    },
    "done": true
  },
  "rftoolsutility:recipes/rftoolsutility/energyplus_module": {
    "criteria": {
      "ingot": "2022-05-02 12:34:40 +0200"
    },
    "done": true
  },
  "rftoolsutility:recipes/rftoolsutility/energy_module": {
    "criteria": {
      "ingot": "2022-05-02 12:34:40 +0200"
    },
    "done": true
  },
  "minecraft:recipes/misc/netherite_ingot": {
    "criteria": {
      "has_netherite_scrap": "2022-05-02 12:34:44 +0200"
    },
    "done": true
  },
  "immersiveengineering:recipes/immersiveengineering/crafting/light_engineering": {
    "criteria": {
      "has_copper_ingot": "2022-05-02 12:34:47 +0200"
    },
    "done": true
  },
  "immersiveengineering:recipes/immersiveengineering/crafting/wirecoil_structure_steel": {
    "criteria": {
      "has_steel_ingot": "2022-05-02 12:34:56 +0200"
    },
    "done": true
  },
  "minecraft:recipes/decorations/stone_brick_walls_from_stone_stonecutting": {
    "criteria": {
      "has_stone": "2022-05-02 12:33:03 +0200"
    },
    "done": true
  },
  "immersiveengineering:recipes/immersiveengineering/crafting/powerpack": {
    "criteria": {
      "has_copper_ingot": "2022-05-02 12:34:47 +0200"
    },
    "done": true
  },
  "immersiveengineering:recipes/immersiveengineering/crafting/sample_drill": {
    "criteria": {
      "has_steel_scaffolding_standard": "2022-05-02 14:49:39 +0200"
    },
    "done": true
  },
  "minecraft:recipes/redstone/heavy_weighted_pressure_plate": {
    "criteria": {
      "has_iron_ingot": "2022-05-02 12:34:40 +0200"
    },
    "done": true
  },
  "immersivepetroleum:recipes/immersivepetroleum/upgrade_icebreaker": {
    "criteria": {
      "has_steel_ingot": "2022-05-02 12:34:56 +0200"
    },
    "done": true
  },
  "tconstruct:recipes/tconstruct/general/common/materials/slimesteel_block_from_ingots": {
    "criteria": {
      "has_item": "2022-05-02 12:35:18 +0200"
    },
    "done": true
  },
  "minecraft:recipes/decorations/flower_pot": {
    "criteria": {
      "has_brick": "2022-05-02 12:34:45 +0200"
    },
    "done": true
  },
  "alloyed:steel_ingot": {
    "criteria": {
      "has_steel_ingot": "2022-05-02 12:34:56 +0200"
    },
    "done": true
  },
  "minecraft:recipes/combat/netherite_sword_smithing": {
    "criteria": {
      "has_netherite_ingot": "2022-05-02 12:34:44 +0200"
    },
    "done": true
  },
  "immersiveengineering:recipes/immersiveengineering/crafting/storage_steel_from_slab": {
    "criteria": {
      "has_storage_steel": "2022-05-02 12:38:13 +0200"
    },
    "done": true
  },
  "alloyed:recipes/main_group/crafting/steel_sheet_slab": {
    "criteria": {
      "has_ingredient": "2022-05-02 12:38:03 +0200"
    },
    "done": true
  },
  "immersiveengineering:recipes/immersiveengineering/crafting/wirecoil_redstone": {
    "criteria": {
      "has_aluminum_ingot": "2022-05-02 12:35:16 +0200"
    },
    "done": true
  },
  "immersiveengineering:recipes/immersiveengineering/crafting/stairs_steel_scaffolding_grate_top": {
    "criteria": {
      "has_steel_scaffolding_grate_top": "2022-05-02 14:49:38 +0200"
    },
    "done": true
  },
  "rftoolsbase:recipes/rftoolsbase/smartwrench": {
    "criteria": {
      "iron": "2022-05-02 12:34:40 +0200"
    },
    "done": true
  },
  "create:recipes/create.base/crafting/kinetics/smart_fluid_pipe": {
    "criteria": {
      "has_item": "2022-05-02 12:34:47 +0200"
    },
    "done": true
  },
  "immersiveengineering:recipes/immersiveengineering/crafting/drillhead_iron": {
    "criteria": {
      "has_iron_ingot": "2022-05-02 12:34:40 +0200"
    },
    "done": true
  },
  "minecraft:recipes/combat/golden_leggings": {
    "criteria": {
      "has_gold_ingot": "2022-05-02 12:34:43 +0200"
    },
    "done": true
  },
  "minecraft:recipes/combat/netherite_helmet_smithing": {
    "criteria": {
      "has_netherite_ingot": "2022-05-02 12:34:44 +0200"
    },
    "done": true
  },
  "immersiveengineering:recipes/immersiveengineering/crafting/empty_casing": {
    "criteria": {
      "has_coppper_ingot": "2022-05-02 12:34:47 +0200"
    },
    "done": true
  },
  "minecraft:recipes/decorations/lantern": {
    "criteria": {
      "has_iron_ingot": "2022-05-02 12:34:40 +0200"
    },
    "done": true
  },
  "immersiveengineering:recipes/immersiveengineering/crafting/ingot_silver_to_storage_silver": {
    "criteria": {
      "has_ingot_silver": "2022-05-02 12:34:49 +0200"
    },
    "done": true
  },
  "immersiveengineering:recipes/immersiveengineering/crafting/chute_steel": {
    "criteria": {
      "has_plate": "2022-05-02 12:37:43 +0200"
    },
    "done": true
  },
  "immersiveengineering:recipes/immersiveengineering/crafting/plate_uranium_hammering": {
    "criteria": {
      "has_uranium_ingot": "2022-05-02 12:34:45 +0200"
    },
    "done": true
  },
  "immersiveengineering:recipes/immersiveengineering/crafting/sheetmetal_colored_pink": {
    "criteria": {
      "has_sheetmetal": "2022-05-02 12:38:13 +0200"
    },
    "done": true
  },
  "minecraft:recipes/building_blocks/stone_stairs": {
    "criteria": {
      "has_stone": "2022-05-02 12:33:03 +0200"
    },
    "done": true
  },
  "immersiveengineering:recipes/immersiveengineering/crafting/component_steel": {
    "criteria": {
      "has_steel_ingot": "2022-05-02 12:34:56 +0200"
    },
    "done": true
  },
  "immersiveengineering:recipes/immersiveengineering/crafting/storage_silver_to_ingot_silver": {
    "criteria": {
      "has_storage_silver": "2022-05-02 12:34:49 +0200"
    },
    "done": true
  },
  "create:recipes/create.base/crafting/materials/copper_nugget_from_decompacting": {
    "criteria": {
      "has_item": "2022-05-02 12:34:47 +0200"
    },
    "done": true
  },
  "tconstruct:recipes/tconstruct/general/common/materials/slimesteel_nugget_from_ingot": {
    "criteria": {
      "has_item": "2022-05-02 12:35:18 +0200"
    },
    "done": true
  },
  "create:recipes/misc/smelting/iron_ingot_from_crushed": {
    "criteria": {
      "has_item": "2022-05-02 12:40:15 +0200"
    },
    "done": true
  },
  "immersiveengineering:recipes/immersiveengineering/crafting/connector_lv_relay": {
    "criteria": {
      "has_copper_ingot": "2022-05-02 12:34:47 +0200"
    },
    "done": true
  },
  "tconstruct:recipes/tconstruct/tools/armor/building/travelers_boots": {
    "criteria": {
      "has_item": "2022-05-02 12:34:47 +0200"
    },
    "done": true
  },
  "immersiveengineering:recipes/immersiveengineering/crafting/sheetmetal_colored_white": {
    "criteria": {
      "has_sheetmetal": "2022-05-02 12:38:13 +0200"
    },
    "done": true
  },
  "tconstruct:recipes/tconstruct/general/common/materials/hepatizon_nugget_from_ingot": {
    "criteria": {
      "has_item": "2022-05-02 12:35:32 +0200"
    },
    "done": true
  },
  "immersiveengineering:recipes/immersiveengineering/crafting/ingot_steel_to_nugget_steel": {
    "criteria": {
      "has_ingot_steel": "2022-05-02 12:38:14 +0200"
    },
    "done": true
  },
  "immersiveengineering:recipes/immersiveengineering/crafting/stairs_steel_scaffolding_standard": {
    "criteria": {
      "has_steel_scaffolding_standard": "2022-05-02 14:49:39 +0200"
    },
    "done": true
  },
  "immersiveengineering:recipes/immersiveengineering/crafting/steel_scaffolding_standard": {
    "criteria": {
      "has_steel_ingot": "2022-05-02 12:34:56 +0200"
    },
    "done": true
  },
  "immersiveengineering:recipes/immersiveengineering/crafting/wire_aluminum": {
    "criteria": {
      "has_aluminum_ingot": "2022-05-02 12:35:16 +0200"
    },
    "done": true
  },
  "immersiveengineering:recipes/immersiveengineering/crafting/sheetmetal_colored_green": {
    "criteria": {
      "has_sheetmetal": "2022-05-02 12:38:13 +0200"
    },
    "done": true
  },
  "tconstruct:recipes/tconstruct/general/common/materials/queens_slime_block_from_ingots": {
    "criteria": {
      "has_item": "2022-05-02 12:35:17 +0200"
    },
    "done": true
  },
  "create:recipes/create.base/crafting/kinetics/fluid_pipe": {
    "criteria": {
      "has_item": "2022-05-02 12:34:47 +0200"
    },
    "done": true
  },
  "minecraft:story/smelt_iron": {
    "criteria": {
      "iron": "2022-05-02 12:34:40 +0200"
    },
    "done": true
  },
  "immersivepetroleum:recipes/immersivepetroleum/upgrade_reinforced_hull": {
    "criteria": {
      "has_steel_ingot": "2022-05-02 12:34:56 +0200"
    },
    "done": true
  },
  "create:recipes/create.base/crafting/kinetics/hose_pulley": {
    "criteria": {
      "has_item": "2022-05-02 12:34:47 +0200"
    },
    "done": true
  },
  "immersiveengineering:recipes/immersiveengineering/crafting/sheetmetal_colored_brown": {
    "criteria": {
      "has_sheetmetal": "2022-05-02 12:38:13 +0200"
    },
    "done": true
  },
  "DataVersion": 2586
}