{"stats":{"minecraft:dropped":{"alloyed:steel_sheet_stairs":1,"immersiveengineering:slab_sheetmetal_steel":1,"libvulpes:blocksteel":1,"alloyed:steel_sheet_metal":1,"immersiveengineering:sheetmetal_steel":1,"alloyed:steel_sheet_vertical_slab":1,"boss_tools:steel_block":1,"immersiveengineering:slab_storage_steel":1,"alloyed:steel_block":1,"alloyed:steel_sheet_slab":1,"immersiveengineering:storage_steel":1,"alloyed:steel_ingot":1},"minecraft:custom":{"minecraft:time_since_rest":173827,"minecraft:open_chest":59,"minecraft:play_one_minute":173827,"minecraft:sprint_one_cm":2778,"minecraft:walk_one_cm":7389,"minecraft:sneak_time":30,"minecraft:drop":12,"minecraft:jump":5,"minecraft:interact_with_stonecutter":6,"minecraft:leave_game":1,"minecraft:time_since_death":173827,"minecraft:fly_one_cm":21579},"minecraft:used":{"minecraft:chest":54,"minecraft:stone":29,"minecraft:stonecutter":1},"minecraft:picked_up":{"alloyed:steel_block":1,"alloyed:steel_ingot":1,"boss_tools:steel_block":1,"alloyed:steel_sheet_vertical_slab":1,"immersiveengineering:storage_steel":1,"libvulpes:blocksteel":1,"immersiveengineering:slab_storage_steel":1,"alloyed:steel_sheet_stairs":1,"rechiseled:chisel":1,"alloyed:steel_sheet_metal":1,"immersiveengineering:slab_sheetmetal_steel":1,"alloyed:steel_sheet_slab":1,"immersiveengineering:sheetmetal_steel":1}},"DataVersion":2586}